cluster_id,centroid_lat,centroid_lon,bbox_min_lat,bbox_max_lat,bbox_min_lon,bbox_max_lon,extent_radius_m,detection_count,unique_dates,first_date,last_date,active_span_days,occurrence_rate,detections_per_active_date,mean_frp,max_frp,frp_ratio,day_count,night_count,night_fraction,top_day_share,top3_days_share,search_radius_m,osm_query_status,features_found_in_radius,nearest_tag,nearest_label,nearest_group,nearest_name,nearest_is_named,nearest_geometry_class,nearest_distance_m,nearest_lat,nearest_lon,nearest_named_tag,nearest_named_label,nearest_named_name,nearest_named_distance_m,n_industrial,n_power,n_waste,n_agricultural,n_transport,n_other,top_features_summary
0,21.106164710813076,72.63996944258173,21.0978,21.11415,72.62517,72.65537,1747.806732503472,2386,295,2023-01-01,2023-12-31,364,0.8082191780821918,8.08813559322034,5.0126823134953895,61.26,12.221001884574417,685,1701,0.7129086336965633,0.008801341156747695,0.02556580050293378,2247.8067325034717,ok,30,landuse=industrial,Industrial land use,industrial,ArcelorMittal Nippon Steel India,True,landuse_polygon,567.0,21.1098624,72.6437334,landuse=industrial,Industrial land use,ArcelorMittal Nippon Steel India,567.0,5,0,0,0,0,0,"landuse=industrial@567m(ArcelorMittal Nippon Steel India, landuse_polygon); man_made=silo@901m(unnamed, mapped_feature); man_made=silo@925m(unnamed, mapped_feature); man_made=silo@952m(unnamed, mapped_feature); man_made=silo@999m(unnamed, mapped_feature)"
1,22.93623303030303,69.69794207070707,22.93024,22.94093,69.69472,69.70187,667.5421985765691,198,127,2023-01-01,2023-12-28,361,0.35082872928176795,1.5590551181102361,1.0692424242424243,4.31,4.030891313589343,8,190,0.9595959595959596,0.020202020202020204,0.06060606060606061,1167.5421985765693,ok,3,landuse=industrial,Industrial land use,industrial,,False,landuse_polygon,716.2,22.9313765,69.7025362,power=substation,Power substation,Saurashtra Ferrous,860.1,1,2,0,0,0,0,"landuse=industrial@716m(unnamed, landuse_polygon); power=generator@723m(unnamed, mapped_feature); power=substation@860m(Saurashtra Ferrous, mapped_feature)"
2,21.683343023255816,72.53293209302326,21.67951,21.68789,72.52994,72.53667,636.2372479402248,43,22,2023-01-01,2023-09-12,254,0.08627450980392157,1.9545454545454546,1.9448837209302325,8.26,4.247040535692933,9,34,0.7906976744186046,0.13953488372093023,0.32558139534883723,1136.2372479402247,ok,8,landuse=industrial,Industrial land use,industrial,,False,landuse_polygon,296.3,21.6843335,72.535594,,,,,4,1,0,0,0,0,"landuse=industrial@296m(unnamed, landuse_polygon); man_made=works@818m(unnamed, mapped_feature); power=substation@1094m(unnamed, mapped_feature); landuse=industrial@1096m(unnamed, landuse_polygon); man_made=works@1142m(unnamed, mapped_feature)"
3,23.262208357142857,70.25098257142857,23.25472,23.26538,70.24702,70.25416,854.9316762786922,140,106,2023-01-01,2023-12-31,364,0.29041095890410956,1.320754716981132,1.2811428571428571,2.89,2.255798394290812,1,139,0.9928571428571429,0.02142857142857143,0.06428571428571428,1354.931676278692,ok,4,landuse=industrial,Industrial land use,industrial,,False,landuse_polygon,523.1,23.2600259,70.2555191,power=substation,Power substation,NRE Coke,558.0,3,1,0,0,0,0,"landuse=industrial@523m(unnamed, landuse_polygon); power=substation@558m(NRE Coke, mapped_feature); landuse=industrial@650m(unnamed, landuse_polygon); landuse=industrial@1594m(unnamed, landuse_polygon)"
4,23.17020535714286,70.21805178571428,23.16782,23.17226,70.21561,70.21964,282.87619287733907,28,28,2023-01-01,2023-12-24,357,0.0782122905027933,1.0,0.6335714285714286,1.0,1.5783540022547915,0,28,1.0,0.03571428571428571,0.10714285714285714,782.876192877339,ok,3,landuse=industrial,Industrial land use,industrial,,False,landuse_polygon,114.0,23.1708486,70.2189204,power=substation,Power substation,Varsana Ispat,534.0,2,1,0,0,0,0,"landuse=industrial@114m(unnamed, landuse_polygon); power=substation@534m(Varsana Ispat, mapped_feature); landuse=industrial@830m(unnamed, landuse_polygon)"
5,23.11823734375,70.085329140625,23.11113,23.12461,70.08199,70.0882,791.7555778850702,128,95,2023-01-01,2023-12-27,360,0.2631578947368421,1.3473684210526315,1.571171875,8.64,5.499080105414947,15,113,0.8828125,0.0234375,0.0703125,1291.7555778850701,ok,6,power=substation,Power substation,power,Welspun,True,mapped_feature,480.0,23.1160452,70.0812854,power=substation,Power substation,Welspun,480.0,2,3,0,0,0,0,"power=substation@480m(Welspun, mapped_feature); power=generator@700m(unnamed, mapped_feature); landuse=industrial@1019m(unnamed, landuse_polygon); power=substation@1209m(Varsamedi, mapped_feature); landuse=industrial@1389m(unnamed, landuse_polygon)"
6,23.01412390728477,70.1025980794702,23.00883,23.02032,70.09733,70.10533,710.804789735865,151,127,2023-01-01,2023-12-24,357,0.3547486033519553,1.188976377952756,1.0777483443708609,5.22,4.8434312400147475,5,146,0.9668874172185431,0.019867549668874173,0.059602649006622516,1210.8047897358651,ok,5,landuse=industrial,Industrial land use,industrial,,False,landuse_polygon,123.9,23.0136704,70.1037037,power=substation,Power substation,SAL,318.2,3,2,0,0,0,0,"landuse=industrial@124m(unnamed, landuse_polygon); power=substation@318m(SAL, mapped_feature); power=substation@1144m(Kidana, mapped_feature); landuse=industrial@1393m(unnamed, landuse_polygon); landuse=industrial@1516m(unnamed, landuse_polygon)"
7,20.910157175572518,71.45918393129772,20.90712,20.91349,71.45583,71.46262,389.10283796502404,262,196,2023-01-01,2023-12-31,364,0.536986301369863,1.336734693877551,1.4370992366412214,7.17,4.9892170402634655,11,251,0.9580152671755725,0.015267175572519083,0.03816793893129771,889.102837965024,ok,4,landuse=industrial,Industrial land use,industrial,,False,landuse_polygon,311.0,20.9083657,71.4614828,power=substation,Power substation,L&T Kovaya,318.0,2,2,0,0,0,0,"landuse=industrial@311m(unnamed, landuse_polygon); power=substation@318m(L&T Kovaya, mapped_feature); power=substation@375m(unnamed, mapped_feature); landuse=industrial@1387m(GSPC Pipavav Power Company Ltd., landuse_polygon)"
8,20.834927093023257,70.69305860465116,20.8323,20.83738,70.68645,70.69608,734.5897840410568,172,143,2023-01-01,2023-12-28,361,0.39502762430939226,1.2027972027972027,1.2391279069767442,3.43,2.7680758222680995,0,172,1.0,0.023255813953488372,0.05813953488372093,1234.5897840410566,ok,8,man_made=chimney,Chimney,industrial,,False,point_facility,126.3,20.8356594,70.6921298,power=plant,Power plant,Gujarat Cement Works Power Station,265.3,4,1,0,0,0,0,"man_made=chimney@126m(unnamed, point_facility); man_made=chimney@134m(unnamed, point_facility); man_made=chimney@178m(unnamed, point_facility); landuse=industrial@237m(unnamed, landuse_polygon); power=plant@265m(Gujarat Cement Works Power Station, mapped_feature)"
9,22.34051687150838,69.87384994413408,22.33367,22.34855,69.86235,69.88593,1356.010680154305,179,82,2023-01-02,2023-12-27,359,0.22777777777777777,2.182926829268293,5.1989385474860335,40.21,7.734271069513545,37,142,0.7932960893854749,0.0893854748603352,0.19553072625698323,1856.010680154305,ok,9,power=substation,Power substation,power,,False,mapped_feature,501.9,22.3446792,69.8757382,landuse=industrial,Industrial land use,Reliance Refinery,854.8,4,1,0,0,0,0,"power=substation@502m(unnamed, mapped_feature); landuse=industrial@855m(Reliance Refinery, landuse_polygon); man_made=chimney@1291m(unnamed, point_facility); man_made=chimney@1382m(unnamed, point_facility); man_made=chimney@1405m(unnamed, point_facility)"
10,22.92639913043478,69.82357369565217,22.9238,22.92847,69.82072,69.82642,335.44593771559636,92,88,2023-01-02,2023-12-28,360,0.24376731301939059,1.0454545454545454,0.8284782608695652,2.33,2.8123852007347154,0,92,1.0,0.021739130434782608,0.06521739130434782,835.4459377155963,ok,3,landuse=industrial,Industrial land use,industrial,,False,landuse_polygon,155.2,22.9277353,69.8231363,power=substation,Power substation,PCBL,213.6,1,2,0,0,0,0,"landuse=industrial@155m(unnamed, landuse_polygon); power=substation@214m(PCBL, mapped_feature); power=substation@816m(Mokha, mapped_feature)"
11,22.36497559322034,73.11556169491526,22.36068,22.36802,73.10801,73.12175,776.547773106279,59,47,2023-01-02,2023-12-22,354,0.1323943661971831,1.2553191489361701,2.309322033898305,11.09,4.802275229357798,4,55,0.9322033898305084,0.05084745762711865,0.15254237288135594,1276.547773106279,ok,3,power=substation,Power substation,power,Koyali,True,mapped_feature,756.9,22.3611335,73.1216378,power=substation,Power substation,Koyali,756.9,1,2,0,0,0,0,"power=substation@757m(Koyali, mapped_feature); power=substation@1247m(unnamed, mapped_feature); landuse=industrial@1627m(Gujarat Refinery, landuse_polygon)"
12,23.265779056603773,70.25883509433962,23.26273,23.2685,70.25591,70.26212,434.168529994041,53,50,2023-01-02,2023-12-28,360,0.13850415512465375,1.06,0.8445283018867925,2.27,2.6878909740840036,0,53,1.0,0.03773584905660377,0.11320754716981132,934.168529994041,ok,3,landuse=industrial,Industrial land use,industrial,,False,landuse_polygon,395.2,23.2666695,70.2550899,,,,,3,0,0,0,0,0,"landuse=industrial@395m(unnamed, landuse_polygon); landuse=industrial@724m(unnamed, landuse_polygon); landuse=industrial@774m(unnamed, landuse_polygon)"
13,23.266596,70.28106666666666,23.26501,23.26754,70.27941,70.28258,219.94709458292812,15,15,2023-01-02,2023-10-31,302,0.04950495049504951,1.0,0.746,1.65,2.2117962466487935,0,15,1.0,0.06666666666666667,0.2,750,ok,2,landuse=industrial,Industrial land use,industrial,,False,landuse_polygon,122.5,23.2670834,70.2799916,,,,,2,0,0,0,0,0,"landuse=industrial@122m(unnamed, landuse_polygon); landuse=industrial@646m(unnamed, landuse_polygon)"
14,23.31341590909091,70.19966363636364,23.31164,23.31494,70.19804,70.20192,241.01779319827523,44,41,2023-01-02,2023-12-31,363,0.11263736263736264,1.0731707317073171,0.6902272727272727,1.57,2.2746131050378664,0,44,1.0,0.045454545454545456,0.13636363636363635,750,ok,1,power=substation,Power substation,power,Mono Steel,True,mapped_feature,239.0,23.3114635,70.2006425,power=substation,Power substation,Mono Steel,239.0,0,1,0,0,0,0,"power=substation@239m(Mono Steel, mapped_feature)"
15,24.69024447761194,73.00246507462687,24.68751,24.69276,73.00021,73.00507,321.54043950643074,134,121,2023-01-02,2023-12-28,360,0.33518005540166207,1.1074380165289257,1.3963432835820895,3.48,2.492223825557159,3,131,0.9776119402985075,0.022388059701492536,0.05223880597014925,821.5404395064307,ok,4,landuse=industrial,Industrial land use,industrial,,False,landuse_polygon,204.9,24.6920699,73.0027449,,,,,1,2,0,0,0,1,"landuse=industrial@205m(unnamed, landuse_polygon); power=substation@404m(unnamed, mapped_feature); power=substation@675m(unnamed, mapped_feature); landuse=quarry@1489m(unnamed, landuse_polygon)"
16,22.330599285714285,69.74935142857143,22.32898,22.33186,69.74757,69.75098,218.42773944741296,28,28,2023-01-02,2023-12-22,354,0.07887323943661972,1.0,1.5407142857142857,1.96,1.2721372276309688,0,28,1.0,0.03571428571428571,0.10714285714285714,750,ok,1,man_made=chimney,Chimney,industrial,,False,point_facility,336.1,22.3307398,69.7526157,,,,,1,0,0,0,0,0,"man_made=chimney@336m(unnamed, point_facility)"
17,22.416064791666667,69.03900572916666,22.41367,22.41882,69.03622,69.04123,327.8842036377564,96,73,2023-01-02,2023-07-04,183,0.3967391304347826,1.3150684931506849,0.8866666666666667,2.85,3.2142857142857144,2,94,0.9791666666666666,0.020833333333333332,0.0625,827.8842036377564,ok,1,landuse=industrial,Industrial land use,industrial,,False,landuse_polygon,12.5,22.4160111,69.0388991,,,,,1,0,0,0,0,0,"landuse=industrial@12m(unnamed, landuse_polygon)"
18,23.407850793650795,72.41690412698412,23.40421,23.41127,72.41186,72.42011,516.1974626825978,63,56,2023-01-03,2023-12-25,356,0.1568627450980392,1.125,0.8277777777777777,2.24,2.7060402684563765,3,60,0.9523809523809523,0.047619047619047616,0.1111111111111111,1016.1974626825978,ok,3,landuse=industrial,Industrial land use,industrial,,False,landuse_polygon,562.6,23.40533,72.4121243,,,,,3,0,0,0,0,0,"landuse=industrial@563m(unnamed, landuse_polygon); landuse=industrial@587m(unnamed, landuse_polygon); landuse=industrial@657m(unnamed, landuse_polygon)"
19,23.315350357142858,70.48692080357142,23.31347,23.31746,70.48442,70.4892,296.33485810192474,112,104,2023-01-03,2023-12-27,358,0.28969359331476324,1.0769230769230769,1.149375,2.9,2.5231103860793906,0,112,1.0,0.017857142857142856,0.05357142857142857,796.3348581019247,ok,2,power=substation,Power substation,power,Gallantt Metal,True,mapped_feature,317.7,23.3172625,70.4892323,power=substation,Power substation,Gallantt Metal,317.7,1,1,0,0,0,0,"power=substation@318m(Gallantt Metal, mapped_feature); landuse=industrial@337m(unnamed, landuse_polygon)"
20,23.429848461538462,68.71229505494506,23.42772,23.43221,68.70535,68.71486,708.9001091489029,91,78,2023-01-03,2023-12-31,362,0.21487603305785125,1.1666666666666667,1.2543956043956044,4.63,3.6910205869469994,1,90,0.989010989010989,0.03296703296703297,0.07692307692307693,1208.9001091489029,ok,6,landuse=industrial,Industrial land use,industrial,Sewagram Cement Works Captive Power Station,True,landuse_polygon,98.0,23.4306908,68.7125765,landuse=industrial,Industrial land use,Sewagram Cement Works Captive Power Station,98.0,5,0,0,0,0,0,"landuse=industrial@98m(Sewagram Cement Works Captive Power Station, landuse_polygon); man_made=chimney@179m(unnamed, point_facility); man_made=chimney@186m(unnamed, point_facility); landuse=industrial@255m(unnamed, landuse_polygon); landuse=industrial@886m(unnamed, landuse_polygon)"
21,23.105059237288135,70.18786898305085,23.10273,23.10761,70.18336,70.19048,521.4694130856315,118,108,2023-01-03,2023-12-30,361,0.2983425414364641,1.0925925925925926,0.9534745762711865,2.74,2.873700115545285,0,118,1.0,0.01694915254237288,0.05084745762711865,1021.4694130856315,ok,8,landuse=industrial,Industrial land use,industrial,,False,landuse_polygon,191.1,23.1067446,70.1875037,power=substation,Power substation,Mid India,392.1,4,1,0,0,0,0,"landuse=industrial@191m(unnamed, landuse_polygon); power=substation@392m(Mid India, mapped_feature); landuse=industrial@494m(unnamed, landuse_polygon); landuse=industrial@747m(unnamed, landuse_polygon); landuse=industrial@755m(unnamed, landuse_polygon)"
22,22.908276615384615,69.69936615384616,22.90529,22.91137,69.69554,69.70343,440.5473085028465,65,56,2023-01-03,2023-12-31,362,0.15426997245179064,1.1607142857142858,1.3004615384615386,2.92,2.2453566781024485,0,65,1.0,0.03076923076923077,0.09230769230769231,940.5473085028465,ok,1,power=substation,Power substation,power,Jindal Saw,True,mapped_feature,85.9,22.9080719,69.6985571,power=substation,Power substation,Jindal Saw,85.9,0,1,0,0,0,0,"power=substation@86m(Jindal Saw, mapped_feature)"
23,22.33894375,69.8550625,22.33482,22.34288,69.85046,69.85659,659.0460796629546,40,35,2023-01-03,2023-12-28,359,0.09722222222222222,1.1428571428571428,2.418,16.21,6.703887510339123,0,40,1.0,0.05,0.15,1159.0460796629545,ok,34,man_made=chimney,Chimney,industrial,,False,point_facility,357.8,22.3393764,69.8516153,,,,,5,0,0,0,0,0,"man_made=chimney@358m(unnamed, point_facility); man_made=chimney@501m(unnamed, point_facility); man_made=chimney@536m(unnamed, point_facility); man_made=chimney@539m(unnamed, point_facility); man_made=chimney@557m(unnamed, point_facility)"
24,21.153469285714287,72.73723232142856,21.14969,21.15708,72.72952,72.74285,802.7461298562504,56,34,2023-01-03,2023-11-29,330,0.1027190332326284,1.6470588235294117,2.715535714285714,25.37,9.342539619911884,8,48,0.8571428571428571,0.14285714285714285,0.26785714285714285,1302.7461298562503,ok,5,landuse=industrial,Industrial land use,industrial,,False,landuse_polygon,634.8,21.15705,72.7419998,landuse=industrial,Industrial land use,OIl & Natural Gas Corporation,908.5,4,1,0,0,0,0,"landuse=industrial@635m(unnamed, landuse_polygon); landuse=industrial@909m(OIl & Natural Gas Corporation, landuse_polygon); landuse=industrial@932m(unnamed, landuse_polygon); power=substation@1024m(unnamed, mapped_feature); landuse=industrial@1608m(unnamed, landuse_polygon)"
25,22.756333125,69.5603884375,22.75249,22.75974,69.55596,69.56556,561.8510769307935,32,15,2023-01-04,2023-09-07,246,0.06072874493927125,2.1333333333333333,6.08375,35.37,5.813848366550236,18,14,0.4375,0.15625,0.40625,1061.8510769307936,ok,8,landuse=landfill,Landfill,waste,,False,landuse_polygon,60.9,22.7558215,69.5605992,,,,,0,0,5,0,0,0,"landuse=landfill@61m(unnamed, landuse_polygon); landuse=landfill@124m(unnamed, landuse_polygon); landuse=landfill@183m(unnamed, landuse_polygon); landuse=landfill@261m(unnamed, landuse_polygon); landuse=landfill@351m(unnamed, landuse_polygon)"
26,20.867777368421052,70.56565789473684,20.86663,20.86871,70.56371,70.56672,239.24552872165862,19,19,2023-01-04,2023-12-22,352,0.053824362606232294,1.0,0.7984210526315789,1.61,2.016479894528675,0,19,1.0,0.05263157894736842,0.15789473684210525,750,ok,3,power=substation,Power substation,power,CCGL,True,mapped_feature,242.1,20.8684629,70.5634459,power=substation,Power substation,CCGL,242.1,1,1,0,0,0,1,"power=substation@242m(CCGL, mapped_feature); landuse=industrial@469m(Gujarat Sidhee Cement, landuse_polygon); landuse=quarry@967m(unnamed, landuse_polygon)"
27,22.400827321428572,69.01905625,22.39895,22.40297,69.01676,69.02161,302.93281305034725,56,54,2023-01-04,2023-12-30,360,0.14958448753462603,1.037037037037037,1.0166071428571428,2.19,2.1542244862111364,0,56,1.0,0.03571428571428571,0.08928571428571429,802.9328130503472,ok,4,landuse=industrial,Industrial land use,industrial,TATA Chemicals,True,landuse_polygon,67.2,22.4002472,69.0192397,landuse=industrial,Industrial land use,TATA Chemicals,67.2,4,0,0,0,0,0,"landuse=industrial@67m(TATA Chemicals, landuse_polygon); man_made=silo@370m(unnamed, mapped_feature); man_made=chimney@523m(unnamed, point_facility); landuse=industrial@1116m(TATA Chemicals, landuse_polygon)"
28,23.30479652173913,70.47693869565218,23.30283,23.30703,70.47447,70.47911,268.3403737925356,23,22,2023-01-04,2023-10-30,299,0.07333333333333333,1.0454545454545454,0.9895652173913043,2.03,2.0514059753954306,1,22,0.9565217391304348,0.08695652173913043,0.17391304347826086,768.3403737925356,ok,4,landuse=industrial,Industrial land use,industrial,,False,landuse_polygon,255.8,23.3029601,70.4754294,power=substation,Power substation,Electrotherm India,260.5,2,2,0,0,0,0,"landuse=industrial@256m(unnamed, landuse_polygon); power=substation@261m(Electrotherm India, mapped_feature); power=substation@715m(ASR, mapped_feature); landuse=industrial@936m(unnamed, landuse_polygon)"
29,23.2569455,70.262103,23.25554,23.25891,70.25954,70.2642,262.05039615068216,20,18,2023-01-04,2023-12-22,352,0.05099150141643059,1.1111111111111112,0.8305,1.29,1.5532811559301625,0,20,1.0,0.1,0.25,762.0503961506822,ok,2,landuse=industrial,Industrial land use,industrial,,False,landuse_polygon,754.8,23.2600259,70.2555191,,,,,2,0,0,0,0,0,"landuse=industrial@755m(unnamed, landuse_polygon); landuse=industrial@970m(unnamed, landuse_polygon)"
30,22.92515593625498,70.10639585657371,22.9198,22.93278,70.102,70.10974,864.5507378795809,251,110,2023-01-04,2023-12-05,335,0.3273809523809524,2.2818181818181817,3.2490438247011952,15.22,4.684455126240022,78,173,0.6892430278884463,0.03187250996015936,0.0796812749003984,1364.550737879581,ok,2,landuse=industrial,Industrial land use,industrial,Tuna-Tekra Container Terminal,True,landuse_polygon,698.7,22.9191876,70.1042631,landuse=industrial,Industrial land use,Tuna-Tekra Container Terminal,698.7,1,1,0,0,0,0,"landuse=industrial@699m(Tuna-Tekra Container Terminal, landuse_polygon); power=substation@920m(Adani Kandla Bulk Terminal, mapped_feature)"
31,22.430206363636362,69.83308727272727,22.42898,22.43178,69.83136,69.83474,249.27068029935106,11,10,2023-01-04,2023-03-25,80,0.12345679012345678,1.1,0.5354545454545454,0.9,1.6808149405772497,0,11,1.0,0.18181818181818182,0.36363636363636365,750,ok,4,landuse=industrial,Industrial land use,industrial,SHREE DIGVIJAY CEMENT,True,landuse_polygon,233.9,22.430029,69.8353546,landuse=industrial,Industrial land use,SHREE DIGVIJAY CEMENT,233.9,1,3,0,0,0,0,"landuse=industrial@234m(SHREE DIGVIJAY CEMENT, landuse_polygon); power=substation@320m(Sikka, mapped_feature); power=substation@322m(SDCC, mapped_feature); power=plant@1059m(Sikka Thermal Power Station, mapped_feature)"
32,22.97905673076923,72.56604096153846,22.97494,22.98398,72.56321,72.56947,604.5823106423164,52,36,2023-01-04,2023-12-29,359,0.1,1.4444444444444444,1.365,7.19,5.267399267399267,4,48,0.9230769230769231,0.07692307692307693,0.21153846153846154,1104.5823106423163,ok,13,landuse=landfill,Landfill,waste,Municipal Landfill,True,landuse_polygon,146.1,22.9798773,72.5671562,landuse=landfill,Landfill,Municipal Landfill,146.1,3,0,1,1,0,0,"landuse=landfill@146m(Municipal Landfill, landuse_polygon); landuse=industrial@284m(unnamed, landuse_polygon); landuse=industrial@879m(unnamed, landuse_polygon); landuse=industrial@952m(unnamed, landuse_polygon); landuse=farmland@1014m(unnamed, landuse_polygon)"
33,22.987993461538462,72.58864192307692,22.98591,22.98972,72.58568,72.59116,313.2084745318037,26,25,2023-01-05,2023-12-23,352,0.0708215297450425,1.04,0.7753846153846153,2.45,3.1597222222222228,0,26,1.0,0.07692307692307693,0.15384615384615385,813.2084745318036,ok,1,landuse=industrial,Industrial land use,industrial,,False,landuse_polygon,989.1,22.9845125,72.5797501,,,,,1,0,0,0,0,0,"landuse=industrial@989m(unnamed, landuse_polygon)"
34,23.327859811320753,70.21389150943396,23.32509,23.33184,70.21083,70.21647,442.60803621348873,53,44,2023-01-06,2023-12-30,358,0.12256267409470752,1.2045454545454546,0.9952830188679246,5.54,5.5662559241706155,0,53,1.0,0.03773584905660377,0.11320754716981132,942.6080362134887,ok,3,power=substation,Power substation,power,Navkar Ispat,True,mapped_feature,210.8,23.3283924,70.2158728,power=substation,Power substation,Navkar Ispat,210.8,0,2,0,0,0,1,"power=substation@211m(Navkar Ispat, mapped_feature); power=substation@527m(Amardi, mapped_feature); landuse=quarry@847m(unnamed, landuse_polygon)"
35,21.905318333333334,72.75529666666667,21.90322,21.90806,72.75167,72.7597,474.1519293412938,12,10,2023-01-08,2023-06-07,150,0.06622516556291391,1.2,1.2516666666666667,3.49,2.788282290279627,1,11,0.9166666666666666,0.25,0.4166666666666667,974.1519293412938,ok,1,landuse=industrial,Industrial land use,industrial,,False,landuse_polygon,1164.9,21.9109733,72.7648024,,,,,1,0,0,0,0,0,"landuse=industrial@1165m(unnamed, landuse_polygon)"
36,24.60394037037037,73.81657185185185,24.60047,24.60563,73.81418,73.82031,540.1293733282076,27,27,2023-01-10,2023-12-23,347,0.07758620689655173,1.0,0.7851851851851852,3.98,5.068867924528302,1,26,0.9629629629629629,0.037037037037037035,0.1111111111111111,1040.1293733282077,ok,5,landuse=industrial,Industrial land use,industrial,,False,landuse_polygon,48.0,24.6035501,73.8163689,landuse=industrial,Industrial land use,Debari,570.3,2,3,0,0,0,0,"landuse=industrial@48m(unnamed, landuse_polygon); power=substation@469m(unnamed, mapped_feature); power=generator@568m(unnamed, mapped_feature); landuse=industrial@570m(Debari, landuse_polygon); power=substation@905m(Debari, mapped_feature)"
37,22.790969999999998,70.91822052631579,22.78547,22.79572,70.9156,70.92072,614.5610474632955,19,12,2023-01-12,2023-12-05,327,0.036585365853658534,1.5833333333333333,1.321578947368421,2.94,2.2246117084826764,1,18,0.9473684210526315,0.21052631578947367,0.42105263157894735,1114.5610474632954,ok,5,power=substation,Power substation,power,Olwin,True,mapped_feature,745.9,22.7895094,70.9111189,power=substation,Power substation,Olwin,745.9,2,2,0,0,0,1,"power=substation@746m(Olwin, mapped_feature); power=substation@929m(Jambudiya, mapped_feature); landuse=industrial@1150m(unnamed, landuse_polygon); landuse=quarry@2069m(unnamed, landuse_polygon); landuse=industrial@2708m(unnamed, landuse_polygon)"
38,22.3325545,69.734759,22.32789,22.33557,69.72968,69.73988,579.1064903471878,20,10,2023-01-13,2023-07-14,182,0.0546448087431694,2.0,4.5805,40.2,8.776334461303351,1,19,0.95,0.3,0.6,1079.106490347188,ok,17,landuse=industrial,Industrial land use,industrial,Vadinar Power Plant,True,landuse_polygon,855.3,22.3251255,69.7369145,landuse=industrial,Industrial land use,Vadinar Power Plant,855.3,5,0,0,0,0,0,"landuse=industrial@855m(Vadinar Power Plant, landuse_polygon); man_made=chimney@867m(unnamed, point_facility); man_made=works@898m(Essar Power Limited, point_facility); man_made=chimney@912m(unnamed, point_facility); man_made=chimney@941m(unnamed, point_facility)"
39,21.759372,71.950259,21.75822,21.76039,71.94885,71.95201,186.43350662367604,10,10,2023-01-13,2023-12-11,332,0.03003003003003003,1.0,0.511,0.83,1.6242661448140898,0,10,1.0,0.1,0.3,750,ok,3,landuse=industrial,Industrial land use,industrial,,False,landuse_polygon,536.8,21.7640118,71.9488229,,,,,2,1,0,0,0,0,"landuse=industrial@537m(unnamed, landuse_polygon); power=substation@618m(unnamed, mapped_feature); landuse=industrial@784m(unnamed, landuse_polygon)"
40,22.3153175862069,69.85972620689655,22.31189,22.31902,69.85381,69.86541,673.177876906416,29,14,2023-01-15,2023-10-28,286,0.04878048780487805,2.0714285714285716,2.0100000000000002,6.91,3.4378109452736316,3,26,0.896551724137931,0.20689655172413793,0.4482758620689655,1173.177876906416,ok,7,power=substation,Power substation,power,,False,mapped_feature,972.6,22.3209885,69.866925,,,,,3,2,0,0,0,0,"power=substation@973m(unnamed, mapped_feature); man_made=chimney@985m(unnamed, point_facility); man_made=chimney@1014m(unnamed, point_facility); man_made=chimney@1053m(unnamed, point_facility); power=plant@1138m(unnamed, mapped_feature)"
41,21.7941525,72.6477795,21.79061,21.79726,72.64602,72.6508,444.8176101172786,20,14,2023-01-16,2023-12-25,343,0.040697674418604654,1.4285714285714286,2.1115,10.61,5.024863840871419,9,11,0.55,0.15,0.35,944.8176101172786,ok,1,landuse=industrial,Industrial land use,industrial,,False,landuse_polygon,166.0,21.7956353,72.6479683,,,,,1,0,0,0,0,0,"landuse=industrial@166m(unnamed, landuse_polygon)"
42,22.73397125,69.66472625,22.73024,22.73664,69.66078,69.66812,464.48879897218137,32,17,2023-01-16,2023-02-16,31,0.53125,1.8823529411764706,2.6403125,5.93,2.245946265830276,3,29,0.90625,0.09375,0.28125,964.4887989721814,ok,1,landuse=industrial,Industrial land use,industrial,Mundra Port,True,landuse_polygon,3397.0,22.7521953,69.6913125,landuse=industrial,Industrial land use,Mundra Port,3397.0,1,0,0,0,0,0,"landuse=industrial@3397m(Mundra Port, landuse_polygon)"
43,21.69411210526316,72.60452157894737,21.69029,21.69787,72.60058,72.60737,519.5987060533361,19,9,2023-01-21,2023-10-05,257,0.03488372093023256,2.111111111111111,9.860526315789473,23.53,2.38628235922071,7,12,0.631578947368421,0.3684210526315789,0.631578947368421,1019.5987060533361,ok,14,man_made=works,Industrial works,industrial,,False,mapped_feature,543.7,21.6893009,72.603584,,,,,5,0,0,0,0,0,"man_made=works@544m(unnamed, mapped_feature); man_made=works@610m(unnamed, mapped_feature); man_made=works@720m(unnamed, mapped_feature); man_made=works@860m(unnamed, mapped_feature); man_made=works@955m(unnamed, mapped_feature)"
44,23.3066375,70.46667,23.30598,23.30711,70.46502,70.46806,176.50130059611968,8,8,2023-01-22,2023-10-19,270,0.02952029520295203,1.0,0.55625,0.76,1.3662921348314607,0,8,1.0,0.125,0.375,750,ok,3,landuse=industrial,Industrial land use,industrial,,False,landuse_polygon,251.6,23.3081261,70.4685254,power=substation,Power substation,ASR,356.7,2,1,0,0,0,0,"landuse=industrial@252m(unnamed, landuse_polygon); power=substation@357m(ASR, mapped_feature); landuse=industrial@984m(unnamed, landuse_polygon)"
45,23.689301818181818,68.83219636363637,23.68839,23.6905,68.83054,68.83324,169.35820943250562,11,11,2023-01-25,2023-12-06,315,0.03481012658227848,1.0,0.58,0.73,1.2586206896551724,0,11,1.0,0.09090909090909091,0.2727272727272727,750,ok,1,landuse=quarry,Quarry,other,,False,landuse_polygon,84.0,23.6886845,68.8326716,,,,,0,0,0,0,0,1,"landuse=quarry@84m(unnamed, landuse_polygon)"
46,22.387721,73.117034,22.38491,22.38951,73.11401,73.11926,369.101016795458,10,8,2023-01-13,2023-12-14,335,0.023809523809523808,1.25,5.718,14.74,2.577824414130815,5,5,0.5,0.2,0.5,869.101016795458,ok,5,power=substation,Power substation,power,Jawahar Nagar,True,mapped_feature,702.2,22.388291,73.1238359,power=substation,Power substation,Jawahar Nagar,702.2,4,1,0,0,0,0,"power=substation@702m(Jawahar Nagar, mapped_feature); man_made=works@780m(unnamed, mapped_feature); landuse=industrial@914m(unnamed, landuse_polygon); landuse=industrial@951m(Gujarat Refinery, landuse_polygon); man_made=works@1033m(unnamed, mapped_feature)"
47,22.32186275,69.8818575,22.3174,22.32611,69.87441,69.88983,827.7702876165296,40,18,2023-01-31,2023-12-31,334,0.05373134328358209,2.2222222222222223,4.65575,10.3,2.21231810127262,14,26,0.65,0.15,0.35,1327.7702876165295,ok,8,man_made=wastewater_plant,Wastewater treatment plant,waste,,False,mapped_feature,361.7,22.3188386,69.8805632,,,,,4,0,1,0,0,0,"man_made=wastewater_plant@362m(unnamed, mapped_feature); man_made=chimney@573m(unnamed, point_facility); man_made=chimney@1090m(unnamed, point_facility); man_made=chimney@1149m(unnamed, point_facility); man_made=chimney@1296m(unnamed, point_facility)"
48,23.037216666666666,72.27318666666667,23.03488,23.03841,72.27177,72.27538,260.0009495061203,9,7,2023-02-03,2023-12-26,326,0.021406727828746176,1.2857142857142858,1.681111111111111,3.65,2.1711830799735625,0,9,1.0,0.2222222222222222,0.5555555555555556,760.0009495061204,ok,2,landuse=industrial,Industrial land use,industrial,,False,landuse_polygon,644.0,23.0350778,72.2790357,,,,,2,0,0,0,0,0,"landuse=industrial@644m(unnamed, landuse_polygon); landuse=industrial@853m(unnamed, landuse_polygon)"
49,20.868637894736842,71.39686263157894,20.86738,20.86988,71.39538,71.39861,195.18184105869864,19,19,2023-02-05,2023-12-28,326,0.0581039755351682,1.0,0.9778947368421053,2.15,2.198600645855759,0,19,1.0,0.05263157894736842,0.15789473684210525,750,ok,2,power=substation,Power substation,power,Narmada Cement CL,True,mapped_feature,96.5,20.8694999,71.3969685,power=substation,Power substation,Narmada Cement CL,96.5,1,1,0,0,0,0,"power=substation@96m(Narmada Cement CL, mapped_feature); landuse=industrial@332m(unnamed, landuse_polygon)"
50,21.43164,72.97555,21.42731,21.43439,72.9728,72.97792,559.3217691263256,17,13,2023-02-12,2023-12-26,317,0.040880503144654086,1.3076923076923077,1.5458823529411765,6.48,4.191780821917808,4,13,0.7647058823529411,0.11764705882352941,0.35294117647058826,1059.3217691263258,ok,0,,,,,,,,,,,,,,0,0,0,0,0,0,
51,22.128787,72.76552099999999,22.12658,22.13021,72.76324,72.76786,285.8221574015352,10,9,2023-02-13,2023-12-22,312,0.02875399361022364,1.1111111111111112,0.378,0.85,2.2486772486772484,0,10,1.0,0.2,0.4,785.8221574015352,ok,0,,,,,,,,,,,,,,0,0,0,0,0,0,
52,23.41493375,72.35491666666667,23.4128,23.41732,72.35267,72.35851,392.76063924715356,24,20,2023-03-02,2023-12-31,304,0.06557377049180328,1.2,0.635,1.08,1.7007874015748032,0,24,1.0,0.125,0.2916666666666667,892.7606392471536,ok,0,,,,,,,,,,,,,,0,0,0,0,0,0,
53,24.65779210526316,73.87522736842105,24.65658,24.65899,73.87264,73.87801,309.27371646716387,19,19,2023-03-20,2023-12-28,283,0.06690140845070422,1.0,0.8721052631578947,1.29,1.47917923958962,0,19,1.0,0.05263157894736842,0.15789473684210525,809.2737164671639,ok,2,power=substation,Power substation,power,,False,mapped_feature,164.5,24.6580885,73.8736328,,,,,1,1,0,0,0,0,"power=substation@164m(unnamed, mapped_feature); landuse=industrial@206m(unnamed, landuse_polygon)"
54,22.327931764705884,69.84381764705883,22.32612,22.33045,69.8395,69.84879,517.304765536906,17,7,2023-03-24,2023-10-27,217,0.03211009174311927,2.4285714285714284,5.855882352941176,17.57,3.000401808136615,3,14,0.8235294117647058,0.23529411764705882,0.6470588235294118,1017.304765536906,ok,13,man_made=chimney,Chimney,industrial,,False,point_facility,607.3,22.3323413,69.8473016,,,,,4,0,0,1,0,0,"man_made=chimney@607m(unnamed, point_facility); man_made=chimney@652m(unnamed, point_facility); man_made=chimney@681m(unnamed, point_facility); landuse=farmland@703m(unnamed, landuse_polygon); man_made=chimney@728m(unnamed, point_facility)"
55,21.739591818181818,73.01100818181818,21.73734,21.74203,73.00803,73.01462,384.30070794733354,11,9,2023-04-16,2023-10-07,174,0.05142857142857143,1.2222222222222223,1.9136363636363636,4.03,2.1059382422802853,0,11,1.0,0.18181818181818182,0.45454545454545453,884.3007079473335,ok,8,landuse=industrial,Industrial land use,industrial,Gujarat Narmada Valley Fertilizers & Chemicals Limited,True,landuse_polygon,215.6,21.7411783,73.0122076,landuse=industrial,Industrial land use,Gujarat Narmada Valley Fertilizers & Chemicals Limited,215.6,5,0,0,0,0,0,"landuse=industrial@216m(Gujarat Narmada Valley Fertilizers & Chemicals Limited, landuse_polygon); man_made=chimney@227m(unnamed, mapped_feature); man_made=chimney@267m(unnamed, point_facility); man_made=chimney@307m(unnamed, point_facility); man_made=chimney@366m(unnamed, point_facility)"
56,21.173845555555555,72.93529555555556,21.17199,21.17536,72.93442,72.93697,206.43653986195315,9,8,2023-05-02,2023-12-23,235,0.03389830508474576,1.125,1.4022222222222223,2.19,1.5618066561014263,0,9,1.0,0.2222222222222222,0.4444444444444444,750,ok,0,,,,,,,,,,,,,,0,0,0,0,0,0,
57,21.68630972972973,72.56189702702703,21.68208,21.68984,72.55701,72.5669,639.5800617156104,37,14,2023-05-10,2023-12-29,233,0.05982905982905983,2.642857142857143,8.705945945945945,31.67,3.6377436980007456,14,23,0.6216216216216216,0.16216216216216217,0.4594594594594595,1139.5800617156106,ok,12,man_made=works,Industrial works,industrial,,False,mapped_feature,778.4,21.6793636,72.5609582,,,,,5,0,0,0,0,0,"man_made=works@778m(unnamed, mapped_feature); man_made=works@826m(unnamed, mapped_feature); man_made=works@949m(unnamed, mapped_feature); man_made=works@968m(unnamed, mapped_feature); man_made=works@1005m(unnamed, mapped_feature)"
58,23.04873125,71.8655975,23.04638,23.0512,71.86334,71.86833,345.3191625001272,8,2,2023-11-21,2023-12-07,16,0.11764705882352941,4.0,2.9775,3.9,1.309823677581864,8,0,0.0,0.875,1.0,845.3191625001273,ok,4,power=generator,Power generator,power,,False,mapped_feature,70.1,23.0493406,71.8654205,power=plant,Power plant,Kamlapur,97.5,0,4,0,0,0,0,"power=generator@70m(unnamed, mapped_feature); power=plant@97m(Kamlapur, mapped_feature); power=generator@471m(unnamed, mapped_feature); power=substation@715m(Responsive, mapped_feature)"
59,23.223805,72.154355,23.22247,23.22643,72.15304,72.15606,321.3310593916452,8,6,2023-03-07,2023-12-28,296,0.020202020202020204,1.3333333333333333,0.7987500000000001,1.61,2.0156494522691704,0,8,1.0,0.25,0.625,821.3310593916452,ok,0,,,,,,,,,,,,,,0,0,0,0,0,0,
