cluster_id,centroid_lat,centroid_lon,detection_count,unique_dates,first_date,last_date,active_span_days,mean_frp,max_frp,day_count,night_count,bbox_min_lat,bbox_max_lat,bbox_min_lon,bbox_max_lon,extent_radius_m
0,21.106164710813076,72.63996944258173,2386,295,2023-01-01,2023-12-31,364,5.0126823134953895,61.26,685,1701,21.0978,21.11415,72.62517,72.65537,1747.806732503472
1,22.93623303030303,69.69794207070707,198,127,2023-01-01,2023-12-28,361,1.0692424242424243,4.31,8,190,22.93024,22.94093,69.69472,69.70187,667.5421985765691
2,21.683343023255816,72.53293209302326,43,22,2023-01-01,2023-09-12,254,1.9448837209302325,8.26,9,34,21.67951,21.68789,72.52994,72.53667,636.2372479402248
3,23.262208357142857,70.25098257142857,140,106,2023-01-01,2023-12-31,364,1.2811428571428571,2.89,1,139,23.25472,23.26538,70.24702,70.25416,854.9316762786922
4,23.17020535714286,70.21805178571428,28,28,2023-01-01,2023-12-24,357,0.6335714285714286,1.0,0,28,23.16782,23.17226,70.21561,70.21964,282.87619287733907
5,23.11823734375,70.085329140625,128,95,2023-01-01,2023-12-27,360,1.571171875,8.64,15,113,23.11113,23.12461,70.08199,70.0882,791.7555778850702
6,23.01412390728477,70.1025980794702,151,127,2023-01-01,2023-12-24,357,1.0777483443708609,5.22,5,146,23.00883,23.02032,70.09733,70.10533,710.804789735865
7,20.910157175572518,71.45918393129772,262,196,2023-01-01,2023-12-31,364,1.4370992366412214,7.17,11,251,20.90712,20.91349,71.45583,71.46262,389.10283796502404
8,20.834927093023257,70.69305860465116,172,143,2023-01-01,2023-12-28,361,1.2391279069767442,3.43,0,172,20.8323,20.83738,70.68645,70.69608,734.5897840410568
9,22.34051687150838,69.87384994413408,179,82,2023-01-02,2023-12-27,359,5.1989385474860335,40.21,37,142,22.33367,22.34855,69.86235,69.88593,1356.010680154305
10,22.92639913043478,69.82357369565217,92,88,2023-01-02,2023-12-28,360,0.8284782608695652,2.33,0,92,22.9238,22.92847,69.82072,69.82642,335.44593771559636
11,22.36497559322034,73.11556169491526,59,47,2023-01-02,2023-12-22,354,2.309322033898305,11.09,4,55,22.36068,22.36802,73.10801,73.12175,776.547773106279
12,23.265779056603773,70.25883509433962,53,50,2023-01-02,2023-12-28,360,0.8445283018867925,2.27,0,53,23.26273,23.2685,70.25591,70.26212,434.168529994041
13,23.266596,70.28106666666666,15,15,2023-01-02,2023-10-31,302,0.746,1.65,0,15,23.26501,23.26754,70.27941,70.28258,219.94709458292812
14,23.31341590909091,70.19966363636364,44,41,2023-01-02,2023-12-31,363,0.6902272727272727,1.57,0,44,23.31164,23.31494,70.19804,70.20192,241.01779319827523
15,24.69024447761194,73.00246507462687,134,121,2023-01-02,2023-12-28,360,1.3963432835820895,3.48,3,131,24.68751,24.69276,73.00021,73.00507,321.54043950643074
16,22.330599285714285,69.74935142857143,28,28,2023-01-02,2023-12-22,354,1.5407142857142857,1.96,0,28,22.32898,22.33186,69.74757,69.75098,218.42773944741296
17,22.416064791666667,69.03900572916666,96,73,2023-01-02,2023-07-04,183,0.8866666666666667,2.85,2,94,22.41367,22.41882,69.03622,69.04123,327.8842036377564
18,23.407850793650795,72.41690412698412,63,56,2023-01-03,2023-12-25,356,0.8277777777777777,2.24,3,60,23.40421,23.41127,72.41186,72.42011,516.1974626825978
19,23.315350357142858,70.48692080357142,112,104,2023-01-03,2023-12-27,358,1.149375,2.9,0,112,23.31347,23.31746,70.48442,70.4892,296.33485810192474
20,23.429848461538462,68.71229505494506,91,78,2023-01-03,2023-12-31,362,1.2543956043956044,4.63,1,90,23.42772,23.43221,68.70535,68.71486,708.9001091489029
21,23.105059237288135,70.18786898305085,118,108,2023-01-03,2023-12-30,361,0.9534745762711865,2.74,0,118,23.10273,23.10761,70.18336,70.19048,521.4694130856315
22,22.908276615384615,69.69936615384616,65,56,2023-01-03,2023-12-31,362,1.3004615384615386,2.92,0,65,22.90529,22.91137,69.69554,69.70343,440.5473085028465
23,22.33894375,69.8550625,40,35,2023-01-03,2023-12-28,359,2.418,16.21,0,40,22.33482,22.34288,69.85046,69.85659,659.0460796629546
24,21.153469285714287,72.73723232142856,56,34,2023-01-03,2023-11-29,330,2.715535714285714,25.37,8,48,21.14969,21.15708,72.72952,72.74285,802.7461298562504
25,22.756333125,69.5603884375,32,15,2023-01-04,2023-09-07,246,6.08375,35.37,18,14,22.75249,22.75974,69.55596,69.56556,561.8510769307935
26,20.867777368421052,70.56565789473684,19,19,2023-01-04,2023-12-22,352,0.7984210526315789,1.61,0,19,20.86663,20.86871,70.56371,70.56672,239.24552872165862
27,22.400827321428572,69.01905625,56,54,2023-01-04,2023-12-30,360,1.0166071428571428,2.19,0,56,22.39895,22.40297,69.01676,69.02161,302.93281305034725
28,23.30479652173913,70.47693869565218,23,22,2023-01-04,2023-10-30,299,0.9895652173913043,2.03,1,22,23.30283,23.30703,70.47447,70.47911,268.3403737925356
29,23.2569455,70.262103,20,18,2023-01-04,2023-12-22,352,0.8305,1.29,0,20,23.25554,23.25891,70.25954,70.2642,262.05039615068216
30,22.92515593625498,70.10639585657371,251,110,2023-01-04,2023-12-05,335,3.2490438247011952,15.22,78,173,22.9198,22.93278,70.102,70.10974,864.5507378795809
31,22.430206363636362,69.83308727272727,11,10,2023-01-04,2023-03-25,80,0.5354545454545454,0.9,0,11,22.42898,22.43178,69.83136,69.83474,249.27068029935106
32,22.97905673076923,72.56604096153846,52,36,2023-01-04,2023-12-29,359,1.365,7.19,4,48,22.97494,22.98398,72.56321,72.56947,604.5823106423164
33,22.987993461538462,72.58864192307692,26,25,2023-01-05,2023-12-23,352,0.7753846153846153,2.45,0,26,22.98591,22.98972,72.58568,72.59116,313.2084745318037
34,23.327859811320753,70.21389150943396,53,44,2023-01-06,2023-12-30,358,0.9952830188679246,5.54,0,53,23.32509,23.33184,70.21083,70.21647,442.60803621348873
35,21.905318333333334,72.75529666666667,12,10,2023-01-08,2023-06-07,150,1.2516666666666667,3.49,1,11,21.90322,21.90806,72.75167,72.7597,474.1519293412938
36,24.60394037037037,73.81657185185185,27,27,2023-01-10,2023-12-23,347,0.7851851851851852,3.98,1,26,24.60047,24.60563,73.81418,73.82031,540.1293733282076
37,22.790969999999998,70.91822052631579,19,12,2023-01-12,2023-12-05,327,1.321578947368421,2.94,1,18,22.78547,22.79572,70.9156,70.92072,614.5610474632955
38,22.3325545,69.734759,20,10,2023-01-13,2023-07-14,182,4.5805,40.2,1,19,22.32789,22.33557,69.72968,69.73988,579.1064903471878
39,21.759372,71.950259,10,10,2023-01-13,2023-12-11,332,0.511,0.83,0,10,21.75822,21.76039,71.94885,71.95201,186.43350662367604
40,22.3153175862069,69.85972620689655,29,14,2023-01-15,2023-10-28,286,2.0100000000000002,6.91,3,26,22.31189,22.31902,69.85381,69.86541,673.177876906416
41,21.7941525,72.6477795,20,14,2023-01-16,2023-12-25,343,2.1115,10.61,9,11,21.79061,21.79726,72.64602,72.6508,444.8176101172786
42,22.73397125,69.66472625,32,17,2023-01-16,2023-02-16,31,2.6403125,5.93,3,29,22.73024,22.73664,69.66078,69.66812,464.48879897218137
43,21.69411210526316,72.60452157894737,19,9,2023-01-21,2023-10-05,257,9.860526315789473,23.53,7,12,21.69029,21.69787,72.60058,72.60737,519.5987060533361
44,23.3066375,70.46667,8,8,2023-01-22,2023-10-19,270,0.55625,0.76,0,8,23.30598,23.30711,70.46502,70.46806,176.50130059611968
45,23.689301818181818,68.83219636363637,11,11,2023-01-25,2023-12-06,315,0.58,0.73,0,11,23.68839,23.6905,68.83054,68.83324,169.35820943250562
46,22.387721,73.117034,10,8,2023-01-13,2023-12-14,335,5.718,14.74,5,5,22.38491,22.38951,73.11401,73.11926,369.101016795458
47,22.32186275,69.8818575,40,18,2023-01-31,2023-12-31,334,4.65575,10.3,14,26,22.3174,22.32611,69.87441,69.88983,827.7702876165296
48,23.037216666666666,72.27318666666667,9,7,2023-02-03,2023-12-26,326,1.681111111111111,3.65,0,9,23.03488,23.03841,72.27177,72.27538,260.0009495061203
49,20.868637894736842,71.39686263157894,19,19,2023-02-05,2023-12-28,326,0.9778947368421053,2.15,0,19,20.86738,20.86988,71.39538,71.39861,195.18184105869864
50,21.43164,72.97555,17,13,2023-02-12,2023-12-26,317,1.5458823529411765,6.48,4,13,21.42731,21.43439,72.9728,72.97792,559.3217691263256
51,22.128787,72.76552099999999,10,9,2023-02-13,2023-12-22,312,0.378,0.85,0,10,22.12658,22.13021,72.76324,72.76786,285.8221574015352
52,23.41493375,72.35491666666667,24,20,2023-03-02,2023-12-31,304,0.635,1.08,0,24,23.4128,23.41732,72.35267,72.35851,392.76063924715356
53,24.65779210526316,73.87522736842105,19,19,2023-03-20,2023-12-28,283,0.8721052631578947,1.29,0,19,24.65658,24.65899,73.87264,73.87801,309.27371646716387
54,22.327931764705884,69.84381764705883,17,7,2023-03-24,2023-10-27,217,5.855882352941176,17.57,3,14,22.32612,22.33045,69.8395,69.84879,517.304765536906
55,21.739591818181818,73.01100818181818,11,9,2023-04-16,2023-10-07,174,1.9136363636363636,4.03,0,11,21.73734,21.74203,73.00803,73.01462,384.30070794733354
56,21.173845555555555,72.93529555555556,9,8,2023-05-02,2023-12-23,235,1.4022222222222223,2.19,0,9,21.17199,21.17536,72.93442,72.93697,206.43653986195315
57,21.68630972972973,72.56189702702703,37,14,2023-05-10,2023-12-29,233,8.705945945945945,31.67,14,23,21.68208,21.68984,72.55701,72.5669,639.5800617156104
58,23.04873125,71.8655975,8,2,2023-11-21,2023-12-07,16,2.9775,3.9,8,0,23.04638,23.0512,71.86334,71.86833,345.3191625001272
59,23.223805,72.154355,8,6,2023-03-07,2023-12-28,296,0.7987500000000001,1.61,0,8,23.22247,23.22643,72.15304,72.15606,321.3310593916452
