cluster_id,years_detected,unique_years,first_year,last_year,recurs_across_multiple_years,per_year_detection_counts,per_year_unique_dates
0,2019;2020;2021;2022;2023,5,2019,2023,True,2019:2266;2020:1961;2021:2203;2022:2111;2023:2386,2019:298;2020:293;2021:300;2022:293;2023:295
1,2019;2020;2021;2022;2023,5,2019,2023,True,2019:507;2020:201;2021:240;2022:273;2023:198,2019:225;2020:140;2021:152;2022:162;2023:127
2,2019;2020;2021;2022;2023,5,2019,2023,True,2019:8;2020:23;2021:28;2022:47;2023:43,2019:6;2020:15;2021:17;2022:21;2023:22
3,2019;2020;2021;2022;2023,5,2019,2023,True,2019:45;2020:61;2021:219;2022:328;2023:140,2019:39;2020:57;2021:169;2022:202;2023:106
4,2019;2020;2021;2022;2023,5,2019,2023,True,2019:23;2020:9;2021:14;2022:32;2023:28,2019:22;2020:8;2021:14;2022:31;2023:28
5,2019;2020;2021;2022;2023,5,2019,2023,True,2019:6;2020:19;2021:18;2022:42;2023:128,2019:5;2020:18;2021:16;2022:36;2023:95
6,2019;2020;2021;2022;2023,5,2019,2023,True,2019:163;2020:126;2021:119;2022:175;2023:151,2019:141;2020:104;2021:98;2022:145;2023:127
7,2019;2020;2021;2022;2023,5,2019,2023,True,2019:196;2020:144;2021:184;2022:215;2023:262,2019:166;2020:117;2021:152;2022:172;2023:196
8,2019;2020;2021;2022;2023,5,2019,2023,True,2019:144;2020:109;2021:134;2022:113;2023:172,2019:112;2020:85;2021:106;2022:100;2023:143
9,2019;2020;2021;2022;2023,5,2019,2023,True,2019:139;2020:39;2021:42;2022:54;2023:179,2019:78;2020:32;2021:32;2022:42;2023:82
10,2019;2020;2021;2022;2023,5,2019,2023,True,2019:43;2020:86;2021:95;2022:70;2023:92,2019:40;2020:80;2021:82;2022:66;2023:88
11,2019;2020;2021;2022;2023,5,2019,2023,True,2019:133;2020:166;2021:75;2022:41;2023:59,2019:94;2020:131;2021:62;2022:34;2023:47
12,2020;2021;2022;2023,4,2020,2023,True,2020:2;2021:2;2022:72;2023:53,2020:1;2021:2;2022:70;2023:50
13,2019;2020;2021;2022;2023,5,2019,2023,True,2019:45;2020:19;2021:20;2022:28;2023:15,2019:43;2020:18;2021:20;2022:25;2023:15
14,2019;2020;2021;2022;2023,5,2019,2023,True,2019:2;2020:3;2021:15;2022:22;2023:44,2019:2;2020:3;2021:14;2022:22;2023:41
15,2019;2020;2021;2022;2023,5,2019,2023,True,2019:136;2020:113;2021:162;2022:116;2023:134,2019:114;2020:102;2021:135;2022:101;2023:121
16,2019;2020;2021;2022;2023,5,2019,2023,True,2019:24;2020:25;2021:19;2022:22;2023:28,2019:24;2020:25;2021:19;2022:22;2023:28
17,2019;2020;2021;2022;2023,5,2019,2023,True,2019:394;2020:329;2021:352;2022:206;2023:96,2019:241;2020:226;2021:220;2022:169;2023:73
18,2022;2023,2,2022,2023,True,2022:23;2023:63,2022:17;2023:56
19,2019;2020;2021;2022;2023,5,2019,2023,True,2019:19;2020:49;2021:43;2022:130;2023:112,2019:18;2020:47;2021:41;2022:115;2023:104
20,2019;2020;2021;2022;2023,5,2019,2023,True,2019:231;2020:253;2021:185;2022:127;2023:91,2019:179;2020:179;2021:150;2022:109;2023:78
21,2019;2020;2021;2022;2023,5,2019,2023,True,2019:108;2020:122;2021:66;2022:130;2023:118,2019:97;2020:109;2021:59;2022:116;2023:108
22,2019;2020;2021;2022;2023,5,2019,2023,True,2019:106;2020:126;2021:82;2022:72;2023:65,2019:90;2020:93;2021:70;2022:60;2023:56
23,2019;2020;2021;2022;2023,5,2019,2023,True,2019:67;2020:61;2021:56;2022:48;2023:40,2019:62;2020:56;2021:53;2022:41;2023:35
24,2019;2020;2021;2022;2023,5,2019,2023,True,2019:282;2020:283;2021:397;2022:329;2023:56,2019:182;2020:174;2021:209;2022:157;2023:34
25,2019;2020;2021;2022;2023,5,2019,2023,True,2019:369;2020:201;2021:11;2022:6;2023:32,2019:88;2020:44;2021:8;2022:2;2023:15
26,2019;2020;2021;2022;2023,5,2019,2023,True,2019:10;2020:12;2021:20;2022:8;2023:19,2019:10;2020:12;2021:20;2022:7;2023:19
27,2019;2020;2021;2022;2023,5,2019,2023,True,2019:8;2020:31;2021:21;2022:27;2023:56,2019:8;2020:30;2021:21;2022:25;2023:54
28,2019;2020;2021;2022;2023,5,2019,2023,True,2019:43;2020:51;2021:47;2022:43;2023:23,2019:42;2020:47;2021:46;2022:40;2023:22
29,2019;2020;2021;2022;2023,5,2019,2023,True,2019:23;2020:39;2021:29;2022:6;2023:20,2019:23;2020:39;2021:26;2022:6;2023:18
30,2019;2020;2021;2022;2023,5,2019,2023,True,2019:2;2020:182;2021:10;2022:48;2023:251,2019:1;2020:84;2021:6;2022:29;2023:110
31,2019;2020;2021;2022;2023,5,2019,2023,True,2019:7;2020:16;2021:18;2022:12;2023:11,2019:7;2020:16;2021:17;2022:11;2023:10
32,2020;2021;2022;2023,4,2020,2023,True,2020:5;2021:10;2022:16;2023:52,2020:3;2021:9;2022:16;2023:36
33,2019;2020;2021;2022;2023,5,2019,2023,True,2019:2;2020:1;2021:8;2022:20;2023:26,2019:2;2020:1;2021:8;2022:20;2023:25
34,2019;2020;2021;2022;2023,5,2019,2023,True,2019:1;2020:12;2021:4;2022:5;2023:53,2019:1;2020:11;2021:4;2022:5;2023:44
35,2019;2020;2021;2022;2023,5,2019,2023,True,2019:76;2020:117;2021:55;2022:24;2023:12,2019:47;2020:69;2021:44;2022:21;2023:10
36,2019;2021;2022;2023,4,2019,2023,True,2019:6;2021:1;2022:22;2023:27,2019:6;2021:1;2022:18;2023:27
37,2020;2021;2022;2023,4,2020,2023,True,2020:7;2021:66;2022:49;2023:19,2020:7;2021:45;2022:40;2023:12
38,2019;2020;2021;2022;2023,5,2019,2023,True,2019:85;2020:74;2021:21;2022:43;2023:20,2019:61;2020:56;2021:14;2022:23;2023:10
39,2021;2022;2023,3,2021,2023,True,2021:2;2022:3;2023:10,2021:2;2022:3;2023:10
40,2019;2020;2021;2022;2023,5,2019,2023,True,2019:317;2020:25;2021:2;2022:11;2023:29,2019:170;2020:12;2021:2;2022:9;2023:14
41,2019;2020;2021;2022;2023,5,2019,2023,True,2019:20;2020:23;2021:33;2022:40;2023:20,2019:18;2020:18;2021:28;2022:30;2023:14
42,2020;2021;2022;2023,4,2020,2023,True,2020:24;2021:1;2022:7;2023:32,2020:13;2021:1;2022:5;2023:17
43,2019;2020;2021;2022;2023,5,2019,2023,True,2019:36;2020:76;2021:37;2022:120;2023:19,2019:17;2020:58;2021:26;2022:58;2023:9
44,2019;2020;2021;2022;2023,5,2019,2023,True,2019:7;2020:4;2021:2;2022:6;2023:8,2019:7;2020:4;2021:2;2022:6;2023:8
45,2022;2023,2,2022,2023,True,2022:8;2023:11,2022:8;2023:11
46,2019;2020;2023,3,2019,2023,True,2019:3;2020:1;2023:10,2019:2;2020:1;2023:8
47,2019;2020;2021;2022;2023,5,2019,2023,True,2019:58;2020:25;2021:38;2022:53;2023:40,2019:33;2020:13;2021:16;2022:25;2023:18
48,2019;2020;2021;2022;2023,5,2019,2023,True,2019:4;2020:4;2021:6;2022:5;2023:9,2019:3;2020:4;2021:5;2022:4;2023:7
49,2019;2020;2021;2022;2023,5,2019,2023,True,2019:8;2020:8;2021:14;2022:9;2023:19,2019:8;2020:8;2021:13;2022:9;2023:19
50,2019;2021;2022;2023,4,2019,2023,True,2019:2;2021:2;2022:5;2023:17,2019:1;2021:1;2022:3;2023:13
51,2021;2022;2023,3,2021,2023,True,2021:1;2022:4;2023:10,2021:1;2022:4;2023:9
52,2019;2020;2023,3,2019,2023,True,2019:4;2020:1;2023:24,2019:4;2020:1;2023:20
53,2019;2020;2021;2022;2023,5,2019,2023,True,2019:16;2020:23;2021:10;2022:9;2023:19,2019:16;2020:20;2021:10;2022:9;2023:19
54,2022;2023,2,2022,2023,True,2022:1;2023:17,2022:1;2023:7
55,2019;2020;2022;2023,4,2019,2023,True,2019:3;2020:7;2022:2;2023:11,2019:1;2020:3;2022:1;2023:9
56,2021;2023,2,2021,2023,True,2021:2;2023:9,2021:2;2023:8
57,2019;2020;2021;2022;2023,5,2019,2023,True,2019:4;2020:20;2021:11;2022:7;2023:37,2019:3;2020:4;2021:1;2022:1;2023:14
58,2019;2020;2021;2022;2023,5,2019,2023,True,2019:5;2020:3;2021:3;2022:4;2023:8,2019:3;2020:2;2021:1;2022:2;2023:2
59,2022;2023,2,2022,2023,True,2022:2;2023:8,2022:2;2023:6
