cluster_id,unique_dates,occurrence_rate,detection_count,active_span_days,mean_frp,max_frp,frp_ratio,night_fraction,top_day_share,top3_days_share,day_night_pattern,osm_context_bucket,nearest_group,nearest_is_named,features_found_in_radius,outlier_unique_dates,outlier_occurrence_rate,outlier_detection_count,outlier_active_span_days,outlier_mean_frp,outlier_max_frp,outlier_frp_ratio,outlier_top_day_share,n_metrics_outlier,meets_illustrative__unique_dates>=20,meets_illustrative__occurrence_rate>=0.10,meets_illustrative__unique_dates>=20_and_occurrence>=0.10,meets_illustrative__active_span>=300,meets_illustrative__gap_based_top_tier,n_illustrative_defs_satisfied,contradiction_notes
0,295.0,0.8082191780821918,2386.0,364.0,5.0126823134953895,61.26,12.221001884574417,0.7129086336965633,0.008801341156747695,0.02556580050293378,mostly_night,Named industrial,industrial,True,30,True,True,True,False,True,True,True,False,6,True,True,True,True,True,5,extreme_frp_ratio_outlier; compound_outlier(n_metrics=6)
1,127.0,0.35082872928176795,198.0,361.0,1.0692424242424243,4.31,4.030891313589343,0.9595959595959596,0.020202020202020204,0.06060606060606061,mostly_night,Unnamed industrial-only,industrial,False,3,False,False,True,False,False,False,False,False,1,True,True,True,True,False,4,definition_sensitive(4/5_illustrative_defs)
2,22.0,0.08627450980392157,43.0,254.0,1.9448837209302325,8.26,4.247040535692933,0.7906976744186046,0.13953488372093023,0.32558139534883723,mostly_night,Unnamed industrial-only,industrial,False,8,False,False,False,False,False,False,False,False,0,True,False,False,False,False,1,definition_sensitive(1/5_illustrative_defs)
3,106.0,0.29041095890410956,140.0,364.0,1.2811428571428571,2.89,2.255798394290812,0.9928571428571429,0.02142857142857143,0.06428571428571428,mostly_night,Unnamed industrial-only,industrial,False,4,False,False,False,False,False,False,False,False,0,True,True,True,True,False,4,definition_sensitive(4/5_illustrative_defs)
4,28.0,0.0782122905027933,28.0,357.0,0.6335714285714286,1.0,1.5783540022547915,1.0,0.03571428571428571,0.10714285714285714,mostly_night,Unnamed industrial-only,industrial,False,3,False,False,False,False,False,False,False,False,0,True,False,False,True,False,2,definition_sensitive(2/5_illustrative_defs)
5,95.0,0.2631578947368421,128.0,360.0,1.571171875,8.64,5.499080105414947,0.8828125,0.0234375,0.0703125,mostly_night,Power,power,True,6,False,False,False,False,False,False,False,False,0,True,True,True,True,False,4,definition_sensitive(4/5_illustrative_defs)
6,127.0,0.3547486033519553,151.0,357.0,1.0777483443708609,5.22,4.8434312400147475,0.9668874172185431,0.019867549668874173,0.059602649006622516,mostly_night,Unnamed industrial-only,industrial,False,5,False,False,False,False,False,False,False,False,0,True,True,True,True,False,4,definition_sensitive(4/5_illustrative_defs)
7,196.0,0.536986301369863,262.0,364.0,1.4370992366412214,7.17,4.9892170402634655,0.9580152671755725,0.015267175572519083,0.03816793893129771,mostly_night,Unnamed industrial-only,industrial,False,4,True,True,True,False,False,False,False,False,3,True,True,True,True,True,5,compound_outlier(n_metrics=3)
8,143.0,0.39502762430939226,172.0,361.0,1.2391279069767442,3.43,2.7680758222680995,1.0,0.023255813953488372,0.05813953488372093,mostly_night,Unnamed industrial-only,industrial,False,8,True,False,True,False,False,False,False,False,2,True,True,True,True,True,5,
9,82.0,0.22777777777777777,179.0,359.0,5.1989385474860335,40.21,7.734271069513545,0.7932960893854749,0.0893854748603352,0.19553072625698323,mostly_night,Power,power,False,9,False,False,True,False,True,True,True,False,4,True,True,True,True,False,4,extreme_frp_ratio_outlier; compound_outlier(n_metrics=4); definition_sensitive(4/5_illustrative_defs)
10,88.0,0.24376731301939059,92.0,360.0,0.8284782608695652,2.33,2.8123852007347154,1.0,0.021739130434782608,0.06521739130434782,mostly_night,Unnamed industrial-only,industrial,False,3,False,False,False,False,False,False,False,False,0,True,True,True,True,False,4,definition_sensitive(4/5_illustrative_defs)
11,47.0,0.1323943661971831,59.0,354.0,2.309322033898305,11.09,4.802275229357798,0.9322033898305084,0.05084745762711865,0.15254237288135594,mostly_night,Power,power,True,3,False,False,False,False,False,False,False,False,0,True,True,True,True,False,4,definition_sensitive(4/5_illustrative_defs)
12,50.0,0.13850415512465375,53.0,360.0,0.8445283018867925,2.27,2.6878909740840036,1.0,0.03773584905660377,0.11320754716981132,mostly_night,Unnamed industrial-only,industrial,False,3,False,False,False,False,False,False,False,False,0,True,True,True,True,False,4,definition_sensitive(4/5_illustrative_defs)
13,15.0,0.04950495049504951,15.0,302.0,0.746,1.65,2.2117962466487935,1.0,0.06666666666666667,0.2,mostly_night,Unnamed industrial-only,industrial,False,2,False,False,False,False,False,False,False,False,0,False,False,False,True,False,1,definition_sensitive(1/5_illustrative_defs)
14,41.0,0.11263736263736264,44.0,363.0,0.6902272727272727,1.57,2.2746131050378664,1.0,0.045454545454545456,0.13636363636363635,mostly_night,Power,power,True,1,False,False,False,False,False,False,False,False,0,True,True,True,True,False,4,definition_sensitive(4/5_illustrative_defs)
15,121.0,0.33518005540166207,134.0,360.0,1.3963432835820895,3.48,2.492223825557159,0.9776119402985075,0.022388059701492536,0.05223880597014925,mostly_night,Unnamed industrial-only,industrial,False,4,False,False,False,False,False,False,False,False,0,True,True,True,True,False,4,definition_sensitive(4/5_illustrative_defs)
16,28.0,0.07887323943661972,28.0,354.0,1.5407142857142857,1.96,1.2721372276309688,1.0,0.03571428571428571,0.10714285714285714,mostly_night,Unnamed industrial-only,industrial,False,1,False,False,False,False,False,False,False,False,0,True,False,False,True,False,2,definition_sensitive(2/5_illustrative_defs)
17,73.0,0.3967391304347826,96.0,183.0,0.8866666666666667,2.85,3.2142857142857144,0.9791666666666666,0.020833333333333332,0.0625,mostly_night,Unnamed industrial-only,industrial,False,1,False,False,False,False,False,False,False,False,0,True,True,True,False,False,3,definition_sensitive(3/5_illustrative_defs)
18,56.0,0.1568627450980392,63.0,356.0,0.8277777777777777,2.24,2.7060402684563765,0.9523809523809523,0.047619047619047616,0.1111111111111111,mostly_night,Unnamed industrial-only,industrial,False,3,False,False,False,False,False,False,False,False,0,True,True,True,True,False,4,definition_sensitive(4/5_illustrative_defs)
19,104.0,0.28969359331476324,112.0,358.0,1.149375,2.9,2.5231103860793906,1.0,0.017857142857142856,0.05357142857142857,mostly_night,Power,power,True,2,False,False,False,False,False,False,False,False,0,True,True,True,True,False,4,definition_sensitive(4/5_illustrative_defs)
20,78.0,0.21487603305785125,91.0,362.0,1.2543956043956044,4.63,3.6910205869469994,0.989010989010989,0.03296703296703297,0.07692307692307693,mostly_night,Named industrial,industrial,True,6,False,False,False,False,False,False,False,False,0,True,True,True,True,False,4,definition_sensitive(4/5_illustrative_defs)
21,108.0,0.2983425414364641,118.0,361.0,0.9534745762711865,2.74,2.873700115545285,1.0,0.01694915254237288,0.05084745762711865,mostly_night,Unnamed industrial-only,industrial,False,8,False,False,False,False,False,False,False,False,0,True,True,True,True,False,4,definition_sensitive(4/5_illustrative_defs)
22,56.0,0.15426997245179064,65.0,362.0,1.3004615384615386,2.92,2.2453566781024485,1.0,0.03076923076923077,0.09230769230769231,mostly_night,Power,power,True,1,False,False,False,False,False,False,False,False,0,True,True,True,True,False,4,definition_sensitive(4/5_illustrative_defs)
23,35.0,0.09722222222222222,40.0,359.0,2.418,16.21,6.703887510339123,1.0,0.05,0.15,mostly_night,Unnamed industrial-only,industrial,False,34,False,False,False,False,False,False,False,False,0,True,False,False,True,False,2,definition_sensitive(2/5_illustrative_defs)
24,34.0,0.1027190332326284,56.0,330.0,2.715535714285714,25.37,9.342539619911884,0.8571428571428571,0.14285714285714285,0.26785714285714285,mostly_night,Unnamed industrial-only,industrial,False,5,False,False,False,False,False,True,True,False,2,True,True,True,True,False,4,extreme_frp_ratio_outlier; definition_sensitive(4/5_illustrative_defs)
25,15.0,0.06072874493927125,32.0,246.0,6.08375,35.37,5.813848366550236,0.4375,0.15625,0.40625,mixed,Waste,waste,False,8,False,False,False,False,True,True,False,False,2,False,False,False,False,False,0,day_night_pattern=mixed
26,19.0,0.053824362606232294,19.0,352.0,0.7984210526315789,1.61,2.016479894528675,1.0,0.05263157894736842,0.15789473684210525,mostly_night,Power,power,True,3,False,False,False,False,False,False,False,False,0,False,False,False,True,False,1,definition_sensitive(1/5_illustrative_defs)
27,54.0,0.14958448753462603,56.0,360.0,1.0166071428571428,2.19,2.1542244862111364,1.0,0.03571428571428571,0.08928571428571429,mostly_night,Named industrial,industrial,True,4,False,False,False,False,False,False,False,False,0,True,True,True,True,False,4,definition_sensitive(4/5_illustrative_defs)
28,22.0,0.07333333333333333,23.0,299.0,0.9895652173913043,2.03,2.0514059753954306,0.9565217391304348,0.08695652173913043,0.17391304347826086,mostly_night,Unnamed industrial-only,industrial,False,4,False,False,False,False,False,False,False,False,0,True,False,False,False,False,1,definition_sensitive(1/5_illustrative_defs)
29,18.0,0.05099150141643059,20.0,352.0,0.8305,1.29,1.5532811559301625,1.0,0.1,0.25,mostly_night,Unnamed industrial-only,industrial,False,2,False,False,False,False,False,False,False,False,0,False,False,False,True,False,1,definition_sensitive(1/5_illustrative_defs)
30,110.0,0.3273809523809524,251.0,335.0,3.2490438247011952,15.22,4.684455126240022,0.6892430278884463,0.03187250996015936,0.0796812749003984,mixed,Named industrial,industrial,True,2,False,False,True,False,False,False,False,False,1,True,True,True,True,False,4,day_night_pattern=mixed; definition_sensitive(4/5_illustrative_defs)
31,10.0,0.12345679012345678,11.0,80.0,0.5354545454545454,0.9,1.6808149405772497,1.0,0.18181818181818182,0.36363636363636365,mostly_night,Named industrial,industrial,True,4,False,False,False,True,False,False,False,False,1,False,True,False,False,False,1,named_industrial_nearby_but_below_median_recurrence; definition_sensitive(1/5_illustrative_defs)
32,36.0,0.1,52.0,359.0,1.365,7.19,5.267399267399267,0.9230769230769231,0.07692307692307693,0.21153846153846154,mostly_night,Waste,waste,True,13,False,False,False,False,False,False,False,False,0,True,True,True,True,False,4,definition_sensitive(4/5_illustrative_defs)
33,25.0,0.0708215297450425,26.0,352.0,0.7753846153846153,2.45,3.1597222222222228,1.0,0.07692307692307693,0.15384615384615385,mostly_night,Unnamed industrial-only,industrial,False,1,False,False,False,False,False,False,False,False,0,True,False,False,True,False,2,definition_sensitive(2/5_illustrative_defs)
34,44.0,0.12256267409470752,53.0,358.0,0.9952830188679246,5.54,5.5662559241706155,1.0,0.03773584905660377,0.11320754716981132,mostly_night,Power,power,True,3,False,False,False,False,False,False,False,False,0,True,True,True,True,False,4,definition_sensitive(4/5_illustrative_defs)
35,10.0,0.06622516556291391,12.0,150.0,1.2516666666666667,3.49,2.788282290279627,0.9166666666666666,0.25,0.4166666666666667,mostly_night,Unnamed industrial-only,industrial,False,1,False,False,False,True,False,False,False,False,1,False,False,False,False,False,0,
36,27.0,0.07758620689655173,27.0,347.0,0.7851851851851852,3.98,5.068867924528302,0.9629629629629629,0.037037037037037035,0.1111111111111111,mostly_night,Unnamed industrial-only,industrial,False,5,False,False,False,False,False,False,False,False,0,True,False,False,True,False,2,definition_sensitive(2/5_illustrative_defs)
37,12.0,0.036585365853658534,19.0,327.0,1.321578947368421,2.94,2.2246117084826764,0.9473684210526315,0.21052631578947367,0.42105263157894735,mostly_night,Power,power,True,5,False,False,False,False,False,False,False,False,0,False,False,False,True,False,1,definition_sensitive(1/5_illustrative_defs)
38,10.0,0.0546448087431694,20.0,182.0,4.5805,40.2,8.776334461303351,0.95,0.3,0.6,mostly_night,Named industrial,industrial,True,17,False,False,False,False,True,True,True,False,3,False,False,False,False,False,0,"top3_days_dominated(>50%,but_no_single_day>50%); extreme_frp_ratio_outlier; named_industrial_nearby_but_below_median_recurrence; compound_outlier(n_metrics=3)"
39,10.0,0.03003003003003003,10.0,332.0,0.511,0.83,1.6242661448140898,1.0,0.1,0.3,mostly_night,Unnamed industrial-only,industrial,False,3,False,False,False,False,False,False,False,False,0,False,False,False,True,False,1,definition_sensitive(1/5_illustrative_defs)
40,14.0,0.04878048780487805,29.0,286.0,2.0100000000000002,6.91,3.4378109452736316,0.896551724137931,0.20689655172413793,0.4482758620689655,mostly_night,Power,power,False,7,False,False,False,False,False,False,False,False,0,False,False,False,False,False,0,
41,14.0,0.040697674418604654,20.0,343.0,2.1115,10.61,5.024863840871419,0.55,0.15,0.35,mixed,Unnamed industrial-only,industrial,False,1,False,False,False,False,False,False,False,False,0,False,False,False,True,False,1,day_night_pattern=mixed; definition_sensitive(1/5_illustrative_defs)
42,17.0,0.53125,32.0,31.0,2.6403125,5.93,2.245946265830276,0.90625,0.09375,0.28125,mostly_night,Named industrial,industrial,True,1,False,True,False,True,False,False,False,False,2,False,True,False,False,False,1,named_industrial_nearby_but_below_median_recurrence; definition_sensitive(1/5_illustrative_defs)
43,9.0,0.03488372093023256,19.0,257.0,9.860526315789473,23.53,2.38628235922071,0.631578947368421,0.3684210526315789,0.631578947368421,mixed,Unnamed industrial-only,industrial,False,14,False,False,False,False,True,True,False,True,3,False,False,False,False,False,0,"day_night_pattern=mixed; top3_days_dominated(>50%,but_no_single_day>50%); compound_outlier(n_metrics=3)"
44,8.0,0.02952029520295203,8.0,270.0,0.55625,0.76,1.3662921348314607,1.0,0.125,0.375,mostly_night,Unnamed industrial-only,industrial,False,3,False,False,False,False,False,False,False,False,0,False,False,False,False,False,0,
45,11.0,0.03481012658227848,11.0,315.0,0.58,0.73,1.2586206896551724,1.0,0.09090909090909091,0.2727272727272727,mostly_night,Other,other,False,1,False,False,False,False,False,False,False,False,0,False,False,False,True,False,1,definition_sensitive(1/5_illustrative_defs)
46,8.0,0.023809523809523808,10.0,335.0,5.718,14.74,2.577824414130815,0.5,0.2,0.5,mixed,Power,power,True,5,False,False,False,False,True,False,False,False,1,False,False,False,True,False,1,day_night_pattern=mixed; definition_sensitive(1/5_illustrative_defs)
47,18.0,0.05373134328358209,40.0,334.0,4.65575,10.3,2.21231810127262,0.65,0.15,0.35,mixed,Waste,waste,False,8,False,False,False,False,True,False,False,False,1,False,False,False,True,False,1,day_night_pattern=mixed; definition_sensitive(1/5_illustrative_defs)
48,7.0,0.021406727828746176,9.0,326.0,1.681111111111111,3.65,2.1711830799735625,1.0,0.2222222222222222,0.5555555555555556,mostly_night,Unnamed industrial-only,industrial,False,2,False,False,False,False,False,False,False,False,0,False,False,False,True,False,1,"top3_days_dominated(>50%,but_no_single_day>50%); definition_sensitive(1/5_illustrative_defs)"
49,19.0,0.0581039755351682,19.0,326.0,0.9778947368421053,2.15,2.198600645855759,1.0,0.05263157894736842,0.15789473684210525,mostly_night,Power,power,True,2,False,False,False,False,False,False,False,False,0,False,False,False,True,False,1,definition_sensitive(1/5_illustrative_defs)
50,13.0,0.040880503144654086,17.0,317.0,1.5458823529411765,6.48,4.191780821917808,0.7647058823529411,0.11764705882352941,0.35294117647058826,mostly_night,No OSM context,,False,0,False,False,False,False,False,False,False,False,0,False,False,False,True,False,1,definition_sensitive(1/5_illustrative_defs)
51,9.0,0.02875399361022364,10.0,312.0,0.378,0.85,2.2486772486772484,1.0,0.2,0.4,mostly_night,No OSM context,,False,0,False,False,False,False,False,False,False,False,0,False,False,False,True,False,1,definition_sensitive(1/5_illustrative_defs)
52,20.0,0.06557377049180328,24.0,304.0,0.635,1.08,1.7007874015748032,1.0,0.125,0.2916666666666667,mostly_night,No OSM context,,False,0,False,False,False,False,False,False,False,False,0,True,False,False,True,False,2,definition_sensitive(2/5_illustrative_defs)
53,19.0,0.06690140845070422,19.0,283.0,0.8721052631578947,1.29,1.47917923958962,1.0,0.05263157894736842,0.15789473684210525,mostly_night,Power,power,False,2,False,False,False,False,False,False,False,False,0,False,False,False,False,False,0,
54,7.0,0.03211009174311927,17.0,217.0,5.855882352941176,17.57,3.000401808136615,0.8235294117647058,0.23529411764705882,0.6470588235294118,mostly_night,Unnamed industrial-only,industrial,False,13,False,False,False,False,True,False,False,False,1,False,False,False,False,False,0,"top3_days_dominated(>50%,but_no_single_day>50%)"
55,9.0,0.05142857142857143,11.0,174.0,1.9136363636363636,4.03,2.1059382422802853,1.0,0.18181818181818182,0.45454545454545453,mostly_night,Named industrial,industrial,True,8,False,False,False,True,False,False,False,False,1,False,False,False,False,False,0,named_industrial_nearby_but_below_median_recurrence
56,8.0,0.03389830508474576,9.0,235.0,1.4022222222222223,2.19,1.5618066561014263,1.0,0.2222222222222222,0.4444444444444444,mostly_night,No OSM context,,False,0,False,False,False,False,False,False,False,False,0,False,False,False,False,False,0,
57,14.0,0.05982905982905983,37.0,233.0,8.705945945945945,31.67,3.6377436980007456,0.6216216216216216,0.16216216216216217,0.4594594594594595,mixed,Unnamed industrial-only,industrial,False,12,False,False,False,False,True,True,False,False,2,False,False,False,False,False,0,day_night_pattern=mixed
58,2.0,0.11764705882352941,8.0,16.0,2.9775,3.9,1.309823677581864,0.0,0.875,1.0,mostly_day,Power,power,False,4,False,False,False,True,False,False,False,True,2,False,True,False,False,False,1,day_night_pattern=mostly_day; single_day_dominated(>50%); definition_sensitive(1/5_illustrative_defs)
59,6.0,0.020202020202020204,8.0,296.0,0.7987500000000001,1.61,2.0156494522691704,1.0,0.25,0.625,mostly_night,No OSM context,,False,0,False,False,False,False,False,False,False,False,0,False,False,False,False,False,0,"top3_days_dominated(>50%,but_no_single_day>50%)"
