cluster_id,centroid_lat,centroid_lon,extent_radius_m,search_radius_m,detection_count,unique_dates,osm_query_status,features_found_in_radius,nearest_tag,nearest_label,nearest_group,nearest_name,nearest_is_named,nearest_geometry_class,nearest_distance_m,nearest_lat,nearest_lon,nearest_named_tag,nearest_named_label,nearest_named_name,nearest_named_distance_m,n_industrial,n_power,n_waste,n_agricultural,n_transport,n_other,top_features_summary
0,21.106164710813076,72.63996944258173,1747.806732503472,2247.8067325034717,2386,295,ok,30,landuse=industrial,Industrial land use,industrial,ArcelorMittal Nippon Steel India,True,landuse_polygon,567.0,21.1098624,72.6437334,landuse=industrial,Industrial land use,ArcelorMittal Nippon Steel India,567.0,5,0,0,0,0,0,"landuse=industrial@567m(ArcelorMittal Nippon Steel India, landuse_polygon); man_made=silo@901m(unnamed, mapped_feature); man_made=silo@925m(unnamed, mapped_feature); man_made=silo@952m(unnamed, mapped_feature); man_made=silo@999m(unnamed, mapped_feature)"
1,22.93623303030303,69.69794207070707,667.5421985765691,1167.5421985765693,198,127,ok,3,landuse=industrial,Industrial land use,industrial,,False,landuse_polygon,716.2,22.9313765,69.7025362,power=substation,Power substation,Saurashtra Ferrous,860.1,1,2,0,0,0,0,"landuse=industrial@716m(unnamed, landuse_polygon); power=generator@723m(unnamed, mapped_feature); power=substation@860m(Saurashtra Ferrous, mapped_feature)"
2,21.683343023255816,72.53293209302326,636.2372479402248,1136.2372479402247,43,22,ok,8,landuse=industrial,Industrial land use,industrial,,False,landuse_polygon,296.3,21.6843335,72.535594,,,,,4,1,0,0,0,0,"landuse=industrial@296m(unnamed, landuse_polygon); man_made=works@818m(unnamed, mapped_feature); power=substation@1094m(unnamed, mapped_feature); landuse=industrial@1096m(unnamed, landuse_polygon); man_made=works@1142m(unnamed, mapped_feature)"
3,23.262208357142857,70.25098257142857,854.9316762786922,1354.931676278692,140,106,ok,4,landuse=industrial,Industrial land use,industrial,,False,landuse_polygon,523.1,23.2600259,70.2555191,power=substation,Power substation,NRE Coke,558.0,3,1,0,0,0,0,"landuse=industrial@523m(unnamed, landuse_polygon); power=substation@558m(NRE Coke, mapped_feature); landuse=industrial@650m(unnamed, landuse_polygon); landuse=industrial@1594m(unnamed, landuse_polygon)"
4,23.17020535714286,70.21805178571428,282.87619287733907,782.876192877339,28,28,ok,3,landuse=industrial,Industrial land use,industrial,,False,landuse_polygon,114.0,23.1708486,70.2189204,power=substation,Power substation,Varsana Ispat,534.0,2,1,0,0,0,0,"landuse=industrial@114m(unnamed, landuse_polygon); power=substation@534m(Varsana Ispat, mapped_feature); landuse=industrial@830m(unnamed, landuse_polygon)"
5,23.11823734375,70.085329140625,791.7555778850702,1291.7555778850701,128,95,ok,6,power=substation,Power substation,power,Welspun,True,mapped_feature,480.0,23.1160452,70.0812854,power=substation,Power substation,Welspun,480.0,2,3,0,0,0,0,"power=substation@480m(Welspun, mapped_feature); power=generator@700m(unnamed, mapped_feature); landuse=industrial@1019m(unnamed, landuse_polygon); power=substation@1209m(Varsamedi, mapped_feature); landuse=industrial@1389m(unnamed, landuse_polygon)"
6,23.01412390728477,70.1025980794702,710.804789735865,1210.8047897358651,151,127,ok,5,landuse=industrial,Industrial land use,industrial,,False,landuse_polygon,123.9,23.0136704,70.1037037,power=substation,Power substation,SAL,318.2,3,2,0,0,0,0,"landuse=industrial@124m(unnamed, landuse_polygon); power=substation@318m(SAL, mapped_feature); power=substation@1144m(Kidana, mapped_feature); landuse=industrial@1393m(unnamed, landuse_polygon); landuse=industrial@1516m(unnamed, landuse_polygon)"
7,20.910157175572518,71.45918393129772,389.10283796502404,889.102837965024,262,196,ok,4,landuse=industrial,Industrial land use,industrial,,False,landuse_polygon,311.0,20.9083657,71.4614828,power=substation,Power substation,L&T Kovaya,318.0,2,2,0,0,0,0,"landuse=industrial@311m(unnamed, landuse_polygon); power=substation@318m(L&T Kovaya, mapped_feature); power=substation@375m(unnamed, mapped_feature); landuse=industrial@1387m(GSPC Pipavav Power Company Ltd., landuse_polygon)"
8,20.834927093023257,70.69305860465116,734.5897840410568,1234.5897840410566,172,143,ok,8,man_made=chimney,Chimney,industrial,,False,point_facility,126.3,20.8356594,70.6921298,power=plant,Power plant,Gujarat Cement Works Power Station,265.3,4,1,0,0,0,0,"man_made=chimney@126m(unnamed, point_facility); man_made=chimney@134m(unnamed, point_facility); man_made=chimney@178m(unnamed, point_facility); landuse=industrial@237m(unnamed, landuse_polygon); power=plant@265m(Gujarat Cement Works Power Station, mapped_feature)"
9,22.34051687150838,69.87384994413408,1356.010680154305,1856.010680154305,179,82,ok,9,power=substation,Power substation,power,,False,mapped_feature,501.9,22.3446792,69.8757382,landuse=industrial,Industrial land use,Reliance Refinery,854.8,4,1,0,0,0,0,"power=substation@502m(unnamed, mapped_feature); landuse=industrial@855m(Reliance Refinery, landuse_polygon); man_made=chimney@1291m(unnamed, point_facility); man_made=chimney@1382m(unnamed, point_facility); man_made=chimney@1405m(unnamed, point_facility)"
10,22.92639913043478,69.82357369565217,335.44593771559636,835.4459377155963,92,88,ok,3,landuse=industrial,Industrial land use,industrial,,False,landuse_polygon,155.2,22.9277353,69.8231363,power=substation,Power substation,PCBL,213.6,1,2,0,0,0,0,"landuse=industrial@155m(unnamed, landuse_polygon); power=substation@214m(PCBL, mapped_feature); power=substation@816m(Mokha, mapped_feature)"
11,22.36497559322034,73.11556169491526,776.547773106279,1276.547773106279,59,47,ok,3,power=substation,Power substation,power,Koyali,True,mapped_feature,756.9,22.3611335,73.1216378,power=substation,Power substation,Koyali,756.9,1,2,0,0,0,0,"power=substation@757m(Koyali, mapped_feature); power=substation@1247m(unnamed, mapped_feature); landuse=industrial@1627m(Gujarat Refinery, landuse_polygon)"
12,23.265779056603773,70.25883509433962,434.168529994041,934.168529994041,53,50,ok,3,landuse=industrial,Industrial land use,industrial,,False,landuse_polygon,395.2,23.2666695,70.2550899,,,,,3,0,0,0,0,0,"landuse=industrial@395m(unnamed, landuse_polygon); landuse=industrial@724m(unnamed, landuse_polygon); landuse=industrial@774m(unnamed, landuse_polygon)"
13,23.266596,70.28106666666666,219.94709458292812,750,15,15,ok,2,landuse=industrial,Industrial land use,industrial,,False,landuse_polygon,122.5,23.2670834,70.2799916,,,,,2,0,0,0,0,0,"landuse=industrial@122m(unnamed, landuse_polygon); landuse=industrial@646m(unnamed, landuse_polygon)"
14,23.31341590909091,70.19966363636364,241.01779319827523,750,44,41,ok,1,power=substation,Power substation,power,Mono Steel,True,mapped_feature,239.0,23.3114635,70.2006425,power=substation,Power substation,Mono Steel,239.0,0,1,0,0,0,0,"power=substation@239m(Mono Steel, mapped_feature)"
15,24.69024447761194,73.00246507462687,321.54043950643074,821.5404395064307,134,121,ok,4,landuse=industrial,Industrial land use,industrial,,False,landuse_polygon,204.9,24.6920699,73.0027449,,,,,1,2,0,0,0,1,"landuse=industrial@205m(unnamed, landuse_polygon); power=substation@404m(unnamed, mapped_feature); power=substation@675m(unnamed, mapped_feature); landuse=quarry@1489m(unnamed, landuse_polygon)"
16,22.330599285714285,69.74935142857143,218.42773944741296,750,28,28,ok,1,man_made=chimney,Chimney,industrial,,False,point_facility,336.1,22.3307398,69.7526157,,,,,1,0,0,0,0,0,"man_made=chimney@336m(unnamed, point_facility)"
17,22.416064791666667,69.03900572916666,327.8842036377564,827.8842036377564,96,73,ok,1,landuse=industrial,Industrial land use,industrial,,False,landuse_polygon,12.5,22.4160111,69.0388991,,,,,1,0,0,0,0,0,"landuse=industrial@12m(unnamed, landuse_polygon)"
18,23.407850793650795,72.41690412698412,516.1974626825978,1016.1974626825978,63,56,ok,3,landuse=industrial,Industrial land use,industrial,,False,landuse_polygon,562.6,23.40533,72.4121243,,,,,3,0,0,0,0,0,"landuse=industrial@563m(unnamed, landuse_polygon); landuse=industrial@587m(unnamed, landuse_polygon); landuse=industrial@657m(unnamed, landuse_polygon)"
19,23.315350357142858,70.48692080357142,296.33485810192474,796.3348581019247,112,104,ok,2,power=substation,Power substation,power,Gallantt Metal,True,mapped_feature,317.7,23.3172625,70.4892323,power=substation,Power substation,Gallantt Metal,317.7,1,1,0,0,0,0,"power=substation@318m(Gallantt Metal, mapped_feature); landuse=industrial@337m(unnamed, landuse_polygon)"
20,23.429848461538462,68.71229505494506,708.9001091489029,1208.9001091489029,91,78,ok,6,landuse=industrial,Industrial land use,industrial,Sewagram Cement Works Captive Power Station,True,landuse_polygon,98.0,23.4306908,68.7125765,landuse=industrial,Industrial land use,Sewagram Cement Works Captive Power Station,98.0,5,0,0,0,0,0,"landuse=industrial@98m(Sewagram Cement Works Captive Power Station, landuse_polygon); man_made=chimney@179m(unnamed, point_facility); man_made=chimney@186m(unnamed, point_facility); landuse=industrial@255m(unnamed, landuse_polygon); landuse=industrial@886m(unnamed, landuse_polygon)"
21,23.105059237288135,70.18786898305085,521.4694130856315,1021.4694130856315,118,108,ok,8,landuse=industrial,Industrial land use,industrial,,False,landuse_polygon,191.1,23.1067446,70.1875037,power=substation,Power substation,Mid India,392.1,4,1,0,0,0,0,"landuse=industrial@191m(unnamed, landuse_polygon); power=substation@392m(Mid India, mapped_feature); landuse=industrial@494m(unnamed, landuse_polygon); landuse=industrial@747m(unnamed, landuse_polygon); landuse=industrial@755m(unnamed, landuse_polygon)"
22,22.908276615384615,69.69936615384616,440.5473085028465,940.5473085028465,65,56,ok,1,power=substation,Power substation,power,Jindal Saw,True,mapped_feature,85.9,22.9080719,69.6985571,power=substation,Power substation,Jindal Saw,85.9,0,1,0,0,0,0,"power=substation@86m(Jindal Saw, mapped_feature)"
23,22.33894375,69.8550625,659.0460796629546,1159.0460796629545,40,35,ok,34,man_made=chimney,Chimney,industrial,,False,point_facility,357.8,22.3393764,69.8516153,,,,,5,0,0,0,0,0,"man_made=chimney@358m(unnamed, point_facility); man_made=chimney@501m(unnamed, point_facility); man_made=chimney@536m(unnamed, point_facility); man_made=chimney@539m(unnamed, point_facility); man_made=chimney@557m(unnamed, point_facility)"
24,21.153469285714287,72.73723232142856,802.7461298562504,1302.7461298562503,56,34,ok,5,landuse=industrial,Industrial land use,industrial,,False,landuse_polygon,634.8,21.15705,72.7419998,landuse=industrial,Industrial land use,OIl & Natural Gas Corporation,908.5,4,1,0,0,0,0,"landuse=industrial@635m(unnamed, landuse_polygon); landuse=industrial@909m(OIl & Natural Gas Corporation, landuse_polygon); landuse=industrial@932m(unnamed, landuse_polygon); power=substation@1024m(unnamed, mapped_feature); landuse=industrial@1608m(unnamed, landuse_polygon)"
25,22.756333125,69.5603884375,561.8510769307935,1061.8510769307936,32,15,ok,8,landuse=landfill,Landfill,waste,,False,landuse_polygon,60.9,22.7558215,69.5605992,,,,,0,0,5,0,0,0,"landuse=landfill@61m(unnamed, landuse_polygon); landuse=landfill@124m(unnamed, landuse_polygon); landuse=landfill@183m(unnamed, landuse_polygon); landuse=landfill@261m(unnamed, landuse_polygon); landuse=landfill@351m(unnamed, landuse_polygon)"
26,20.867777368421052,70.56565789473684,239.24552872165862,750,19,19,ok,3,power=substation,Power substation,power,CCGL,True,mapped_feature,242.1,20.8684629,70.5634459,power=substation,Power substation,CCGL,242.1,1,1,0,0,0,1,"power=substation@242m(CCGL, mapped_feature); landuse=industrial@469m(Gujarat Sidhee Cement, landuse_polygon); landuse=quarry@967m(unnamed, landuse_polygon)"
27,22.400827321428572,69.01905625,302.93281305034725,802.9328130503472,56,54,ok,4,landuse=industrial,Industrial land use,industrial,TATA Chemicals,True,landuse_polygon,67.2,22.4002472,69.0192397,landuse=industrial,Industrial land use,TATA Chemicals,67.2,4,0,0,0,0,0,"landuse=industrial@67m(TATA Chemicals, landuse_polygon); man_made=silo@370m(unnamed, mapped_feature); man_made=chimney@523m(unnamed, point_facility); landuse=industrial@1116m(TATA Chemicals, landuse_polygon)"
28,23.30479652173913,70.47693869565218,268.3403737925356,768.3403737925356,23,22,ok,4,landuse=industrial,Industrial land use,industrial,,False,landuse_polygon,255.8,23.3029601,70.4754294,power=substation,Power substation,Electrotherm India,260.5,2,2,0,0,0,0,"landuse=industrial@256m(unnamed, landuse_polygon); power=substation@261m(Electrotherm India, mapped_feature); power=substation@715m(ASR, mapped_feature); landuse=industrial@936m(unnamed, landuse_polygon)"
29,23.2569455,70.262103,262.05039615068216,762.0503961506822,20,18,ok,2,landuse=industrial,Industrial land use,industrial,,False,landuse_polygon,754.8,23.2600259,70.2555191,,,,,2,0,0,0,0,0,"landuse=industrial@755m(unnamed, landuse_polygon); landuse=industrial@970m(unnamed, landuse_polygon)"
30,22.92515593625498,70.10639585657371,864.5507378795809,1364.550737879581,251,110,ok,2,landuse=industrial,Industrial land use,industrial,Tuna-Tekra Container Terminal,True,landuse_polygon,698.7,22.9191876,70.1042631,landuse=industrial,Industrial land use,Tuna-Tekra Container Terminal,698.7,1,1,0,0,0,0,"landuse=industrial@699m(Tuna-Tekra Container Terminal, landuse_polygon); power=substation@920m(Adani Kandla Bulk Terminal, mapped_feature)"
31,22.430206363636362,69.83308727272727,249.27068029935106,750,11,10,ok,4,landuse=industrial,Industrial land use,industrial,SHREE DIGVIJAY CEMENT,True,landuse_polygon,233.9,22.430029,69.8353546,landuse=industrial,Industrial land use,SHREE DIGVIJAY CEMENT,233.9,1,3,0,0,0,0,"landuse=industrial@234m(SHREE DIGVIJAY CEMENT, landuse_polygon); power=substation@320m(Sikka, mapped_feature); power=substation@322m(SDCC, mapped_feature); power=plant@1059m(Sikka Thermal Power Station, mapped_feature)"
32,22.97905673076923,72.56604096153846,604.5823106423164,1104.5823106423163,52,36,ok,13,landuse=landfill,Landfill,waste,Municipal Landfill,True,landuse_polygon,146.1,22.9798773,72.5671562,landuse=landfill,Landfill,Municipal Landfill,146.1,3,0,1,1,0,0,"landuse=landfill@146m(Municipal Landfill, landuse_polygon); landuse=industrial@284m(unnamed, landuse_polygon); landuse=industrial@879m(unnamed, landuse_polygon); landuse=industrial@952m(unnamed, landuse_polygon); landuse=farmland@1014m(unnamed, landuse_polygon)"
33,22.987993461538462,72.58864192307692,313.2084745318037,813.2084745318036,26,25,ok,1,landuse=industrial,Industrial land use,industrial,,False,landuse_polygon,989.1,22.9845125,72.5797501,,,,,1,0,0,0,0,0,"landuse=industrial@989m(unnamed, landuse_polygon)"
34,23.327859811320753,70.21389150943396,442.60803621348873,942.6080362134887,53,44,ok,3,power=substation,Power substation,power,Navkar Ispat,True,mapped_feature,210.8,23.3283924,70.2158728,power=substation,Power substation,Navkar Ispat,210.8,0,2,0,0,0,1,"power=substation@211m(Navkar Ispat, mapped_feature); power=substation@527m(Amardi, mapped_feature); landuse=quarry@847m(unnamed, landuse_polygon)"
35,21.905318333333334,72.75529666666667,474.1519293412938,974.1519293412938,12,10,ok,1,landuse=industrial,Industrial land use,industrial,,False,landuse_polygon,1164.9,21.9109733,72.7648024,,,,,1,0,0,0,0,0,"landuse=industrial@1165m(unnamed, landuse_polygon)"
36,24.60394037037037,73.81657185185185,540.1293733282076,1040.1293733282077,27,27,ok,5,landuse=industrial,Industrial land use,industrial,,False,landuse_polygon,48.0,24.6035501,73.8163689,landuse=industrial,Industrial land use,Debari,570.3,2,3,0,0,0,0,"landuse=industrial@48m(unnamed, landuse_polygon); power=substation@469m(unnamed, mapped_feature); power=generator@568m(unnamed, mapped_feature); landuse=industrial@570m(Debari, landuse_polygon); power=substation@905m(Debari, mapped_feature)"
37,22.790969999999998,70.91822052631579,614.5610474632955,1114.5610474632954,19,12,ok,5,power=substation,Power substation,power,Olwin,True,mapped_feature,745.9,22.7895094,70.9111189,power=substation,Power substation,Olwin,745.9,2,2,0,0,0,1,"power=substation@746m(Olwin, mapped_feature); power=substation@929m(Jambudiya, mapped_feature); landuse=industrial@1150m(unnamed, landuse_polygon); landuse=quarry@2069m(unnamed, landuse_polygon); landuse=industrial@2708m(unnamed, landuse_polygon)"
38,22.3325545,69.734759,579.1064903471878,1079.106490347188,20,10,ok,17,landuse=industrial,Industrial land use,industrial,Vadinar Power Plant,True,landuse_polygon,855.3,22.3251255,69.7369145,landuse=industrial,Industrial land use,Vadinar Power Plant,855.3,5,0,0,0,0,0,"landuse=industrial@855m(Vadinar Power Plant, landuse_polygon); man_made=chimney@867m(unnamed, point_facility); man_made=works@898m(Essar Power Limited, point_facility); man_made=chimney@912m(unnamed, point_facility); man_made=chimney@941m(unnamed, point_facility)"
39,21.759372,71.950259,186.43350662367604,750,10,10,ok,3,landuse=industrial,Industrial land use,industrial,,False,landuse_polygon,536.8,21.7640118,71.9488229,,,,,2,1,0,0,0,0,"landuse=industrial@537m(unnamed, landuse_polygon); power=substation@618m(unnamed, mapped_feature); landuse=industrial@784m(unnamed, landuse_polygon)"
40,22.3153175862069,69.85972620689655,673.177876906416,1173.177876906416,29,14,ok,7,power=substation,Power substation,power,,False,mapped_feature,972.6,22.3209885,69.866925,,,,,3,2,0,0,0,0,"power=substation@973m(unnamed, mapped_feature); man_made=chimney@985m(unnamed, point_facility); man_made=chimney@1014m(unnamed, point_facility); man_made=chimney@1053m(unnamed, point_facility); power=plant@1138m(unnamed, mapped_feature)"
41,21.7941525,72.6477795,444.8176101172786,944.8176101172786,20,14,ok,1,landuse=industrial,Industrial land use,industrial,,False,landuse_polygon,166.0,21.7956353,72.6479683,,,,,1,0,0,0,0,0,"landuse=industrial@166m(unnamed, landuse_polygon)"
42,22.73397125,69.66472625,464.48879897218137,964.4887989721814,32,17,ok,1,landuse=industrial,Industrial land use,industrial,Mundra Port,True,landuse_polygon,3397.0,22.7521953,69.6913125,landuse=industrial,Industrial land use,Mundra Port,3397.0,1,0,0,0,0,0,"landuse=industrial@3397m(Mundra Port, landuse_polygon)"
43,21.69411210526316,72.60452157894737,519.5987060533361,1019.5987060533361,19,9,ok,14,man_made=works,Industrial works,industrial,,False,mapped_feature,543.7,21.6893009,72.603584,,,,,5,0,0,0,0,0,"man_made=works@544m(unnamed, mapped_feature); man_made=works@610m(unnamed, mapped_feature); man_made=works@720m(unnamed, mapped_feature); man_made=works@860m(unnamed, mapped_feature); man_made=works@955m(unnamed, mapped_feature)"
44,23.3066375,70.46667,176.50130059611968,750,8,8,ok,3,landuse=industrial,Industrial land use,industrial,,False,landuse_polygon,251.6,23.3081261,70.4685254,power=substation,Power substation,ASR,356.7,2,1,0,0,0,0,"landuse=industrial@252m(unnamed, landuse_polygon); power=substation@357m(ASR, mapped_feature); landuse=industrial@984m(unnamed, landuse_polygon)"
45,23.689301818181818,68.83219636363637,169.35820943250562,750,11,11,ok,1,landuse=quarry,Quarry,other,,False,landuse_polygon,84.0,23.6886845,68.8326716,,,,,0,0,0,0,0,1,"landuse=quarry@84m(unnamed, landuse_polygon)"
46,22.387721,73.117034,369.101016795458,869.101016795458,10,8,ok,5,power=substation,Power substation,power,Jawahar Nagar,True,mapped_feature,702.2,22.388291,73.1238359,power=substation,Power substation,Jawahar Nagar,702.2,4,1,0,0,0,0,"power=substation@702m(Jawahar Nagar, mapped_feature); man_made=works@780m(unnamed, mapped_feature); landuse=industrial@914m(unnamed, landuse_polygon); landuse=industrial@951m(Gujarat Refinery, landuse_polygon); man_made=works@1033m(unnamed, mapped_feature)"
47,22.32186275,69.8818575,827.7702876165296,1327.7702876165295,40,18,ok,8,man_made=wastewater_plant,Wastewater treatment plant,waste,,False,mapped_feature,361.7,22.3188386,69.8805632,,,,,4,0,1,0,0,0,"man_made=wastewater_plant@362m(unnamed, mapped_feature); man_made=chimney@573m(unnamed, point_facility); man_made=chimney@1090m(unnamed, point_facility); man_made=chimney@1149m(unnamed, point_facility); man_made=chimney@1296m(unnamed, point_facility)"
48,23.037216666666666,72.27318666666667,260.0009495061203,760.0009495061204,9,7,ok,2,landuse=industrial,Industrial land use,industrial,,False,landuse_polygon,644.0,23.0350778,72.2790357,,,,,2,0,0,0,0,0,"landuse=industrial@644m(unnamed, landuse_polygon); landuse=industrial@853m(unnamed, landuse_polygon)"
49,20.868637894736842,71.39686263157894,195.18184105869864,750,19,19,ok,2,power=substation,Power substation,power,Narmada Cement CL,True,mapped_feature,96.5,20.8694999,71.3969685,power=substation,Power substation,Narmada Cement CL,96.5,1,1,0,0,0,0,"power=substation@96m(Narmada Cement CL, mapped_feature); landuse=industrial@332m(unnamed, landuse_polygon)"
50,21.43164,72.97555,559.3217691263256,1059.3217691263258,17,13,ok,0,,,,,,,,,,,,,,0,0,0,0,0,0,
51,22.128787,72.76552099999999,285.8221574015352,785.8221574015352,10,9,ok,0,,,,,,,,,,,,,,0,0,0,0,0,0,
52,23.41493375,72.35491666666667,392.76063924715356,892.7606392471536,24,20,ok,0,,,,,,,,,,,,,,0,0,0,0,0,0,
53,24.65779210526316,73.87522736842105,309.27371646716387,809.2737164671639,19,19,ok,2,power=substation,Power substation,power,,False,mapped_feature,164.5,24.6580885,73.8736328,,,,,1,1,0,0,0,0,"power=substation@164m(unnamed, mapped_feature); landuse=industrial@206m(unnamed, landuse_polygon)"
54,22.327931764705884,69.84381764705883,517.304765536906,1017.304765536906,17,7,ok,13,man_made=chimney,Chimney,industrial,,False,point_facility,607.3,22.3323413,69.8473016,,,,,4,0,0,1,0,0,"man_made=chimney@607m(unnamed, point_facility); man_made=chimney@652m(unnamed, point_facility); man_made=chimney@681m(unnamed, point_facility); landuse=farmland@703m(unnamed, landuse_polygon); man_made=chimney@728m(unnamed, point_facility)"
55,21.739591818181818,73.01100818181818,384.30070794733354,884.3007079473335,11,9,ok,8,landuse=industrial,Industrial land use,industrial,Gujarat Narmada Valley Fertilizers & Chemicals Limited,True,landuse_polygon,215.6,21.7411783,73.0122076,landuse=industrial,Industrial land use,Gujarat Narmada Valley Fertilizers & Chemicals Limited,215.6,5,0,0,0,0,0,"landuse=industrial@216m(Gujarat Narmada Valley Fertilizers & Chemicals Limited, landuse_polygon); man_made=chimney@227m(unnamed, mapped_feature); man_made=chimney@267m(unnamed, point_facility); man_made=chimney@307m(unnamed, point_facility); man_made=chimney@366m(unnamed, point_facility)"
56,21.173845555555555,72.93529555555556,206.43653986195315,750,9,8,ok,0,,,,,,,,,,,,,,0,0,0,0,0,0,
57,21.68630972972973,72.56189702702703,639.5800617156104,1139.5800617156106,37,14,ok,12,man_made=works,Industrial works,industrial,,False,mapped_feature,778.4,21.6793636,72.5609582,,,,,5,0,0,0,0,0,"man_made=works@778m(unnamed, mapped_feature); man_made=works@826m(unnamed, mapped_feature); man_made=works@949m(unnamed, mapped_feature); man_made=works@968m(unnamed, mapped_feature); man_made=works@1005m(unnamed, mapped_feature)"
58,23.04873125,71.8655975,345.3191625001272,845.3191625001273,8,2,ok,4,power=generator,Power generator,power,,False,mapped_feature,70.1,23.0493406,71.8654205,power=plant,Power plant,Kamlapur,97.5,0,4,0,0,0,0,"power=generator@70m(unnamed, mapped_feature); power=plant@97m(Kamlapur, mapped_feature); power=generator@471m(unnamed, mapped_feature); power=substation@715m(Responsive, mapped_feature)"
59,23.223805,72.154355,321.3310593916452,821.3310593916452,8,6,ok,0,,,,,,,,,,,,,,0,0,0,0,0,0,
