cluster_id,unique_years,years_detected,first_year,last_year,recurs_across_multiple_years,unique_dates,active_span_days,occurrence_rate,total_detections_5yr,mean_annual_detections,detections_2019,detections_2020,detections_2021,detections_2022,detections_2023,active_days_2019,active_days_2020,active_days_2021,active_days_2022,active_days_2023,detection_count,mean_frp,max_frp,frp_ratio,trend_slope,trend_direction,std_annual_detections,cv_annual_detections,per_month_detection_counts,top3_months_share,dominant_month,day_count,night_count,night_fraction,top_day_share,top3_days_share,centroid_lat,centroid_lon,extent_radius_m,bbox_min_lat,bbox_max_lat,bbox_min_lon,bbox_max_lon,nearest_group,nearest_label,nearest_name,nearest_is_named,nearest_distance_m,nearest_geometry_class,n_industrial,n_power,n_waste,n_agricultural,n_transport,n_other,features_found_in_radius,osm_query_status,top_features_summary,recurrence_strength,short_window_recurrence,burst_concentrated,persistence_category,activity_category,persistence_activity_quadrant,seasonality_category,has_notable_osm_context,evidence_notes
0,5,2019;2020;2021;2022;2023,2019,2023,True,295,364,0.8082191780821918,10927,2185.4,2266,1961,2203,2111,2386,298,293,300,293,295,2386,5.0126823134953895,61.26,12.221001884574417,39.0,stable,160.41913850909435,0.07340493205321422,1:1414;2:1323;3:1231;4:964;5:1049;6:544;7:218;8:303;9:449;10:1042;11:1143;12:1247,0.36460144595954974,1,685,1701,0.7129086336965633,0.008801341156747695,0.02556580050293378,21.106164710813076,72.63996944258173,1747.806732503472,21.0978,21.11415,72.62517,72.65537,industrial,Industrial land use,ArcelorMittal Nippon Steel India,True,567.0,landuse_polygon,5,0,0,0,0,0,30,ok,"landuse=industrial@567m(ArcelorMittal Nippon Steel India, landuse_polygon); man_made=silo@901m(unnamed, mapped_feature); man_made=silo@925m(unnamed, mapped_feature); man_made=silo@952m(unnamed, mapped_feature); man_made=silo@999m(unnamed, mapped_feature)",Strong,False,False,Persistent,High-activity,Persistent / High-activity,Not strongly seasonal,True,
1,5,2019;2020;2021;2022;2023,2019,2023,True,127,361,0.35082872928176795,1419,283.8,507,201,240,273,198,225,140,152,162,127,198,1.0692424242424243,4.31,4.030891313589343,-54.6,decreasing,128.5212044761486,0.452858366723568,1:223;2:194;3:168;4:133;5:112;6:57;7:18;8:14;9:55;10:152;11:126;12:167,0.41226215644820297,1,8,190,0.9595959595959596,0.020202020202020204,0.06060606060606061,22.93623303030303,69.69794207070707,667.5421985765691,22.93024,22.94093,69.69472,69.70187,industrial,Industrial land use,,False,716.2,landuse_polygon,1,2,0,0,0,0,3,ok,"landuse=industrial@716m(unnamed, landuse_polygon); power=generator@723m(unnamed, mapped_feature); power=substation@860m(Saurashtra Ferrous, mapped_feature)",Moderate,False,False,Persistent,High-activity,Persistent / High-activity,Not strongly seasonal,True,2023 recurrence_strength=Moderate but persistent across all 5 years (2023 volume alone understates multi-year persistence)
2,5,2019;2020;2021;2022;2023,2019,2023,True,22,254,0.08627450980392157,149,29.8,8,23,28,47,43,6,15,17,21,22,43,1.9448837209302325,8.26,4.247040535692933,9.4,increasing,15.770225109363532,0.5292021848779709,1:47;2:5;3:0;4:1;5:24;6:7;7:1;8:0;9:1;10:3;11:18;12:42,0.7583892617449665,1,9,34,0.7906976744186046,0.13953488372093023,0.32558139534883723,21.683343023255816,72.53293209302326,636.2372479402248,21.67951,21.68789,72.52994,72.53667,industrial,Industrial land use,,False,296.3,landuse_polygon,4,1,0,0,0,0,8,ok,"landuse=industrial@296m(unnamed, landuse_polygon); man_made=works@818m(unnamed, mapped_feature); power=substation@1094m(unnamed, mapped_feature); landuse=industrial@1096m(unnamed, landuse_polygon); man_made=works@1142m(unnamed, mapped_feature)",Limited,False,False,Persistent,High-activity,Persistent / High-activity,Strongly seasonal,True,2023 recurrence_strength=Limited but persistent across all 5 years (2023 volume alone understates multi-year persistence)
3,5,2019;2020;2021;2022;2023,2019,2023,True,106,364,0.29041095890410956,793,158.6,45,61,219,328,140,39,57,169,202,106,140,1.2811428571428571,2.89,2.255798394290812,45.7,increasing,117.38952253076081,0.7401609239013923,1:109;2:124;3:79;4:73;5:33;6:21;7:6;8:11;9:19;10:92;11:105;12:121,0.44640605296343,2,1,139,0.9928571428571429,0.02142857142857143,0.06428571428571428,23.262208357142857,70.25098257142857,854.9316762786922,23.25472,23.26538,70.24702,70.25416,industrial,Industrial land use,,False,523.1,landuse_polygon,3,1,0,0,0,0,4,ok,"landuse=industrial@523m(unnamed, landuse_polygon); power=substation@558m(NRE Coke, mapped_feature); landuse=industrial@650m(unnamed, landuse_polygon); landuse=industrial@1594m(unnamed, landuse_polygon)",Moderate,False,False,Persistent,High-activity,Persistent / High-activity,Not strongly seasonal,True,2023 recurrence_strength=Moderate but persistent across all 5 years (2023 volume alone understates multi-year persistence)
4,5,2019;2020;2021;2022;2023,2019,2023,True,28,357,0.0782122905027933,106,21.2,23,9,14,32,28,22,8,14,31,28,28,0.6335714285714286,1.0,1.5783540022547915,3.3,increasing,9.57601169589929,0.4516986649009099,1:34;2:24;3:6;4:3;5:2;6:0;7:0;8:0;9:0;10:2;11:12;12:23,0.7641509433962265,1,0,28,1.0,0.03571428571428571,0.10714285714285714,23.17020535714286,70.21805178571428,282.87619287733907,23.16782,23.17226,70.21561,70.21964,industrial,Industrial land use,,False,114.0,landuse_polygon,2,1,0,0,0,0,3,ok,"landuse=industrial@114m(unnamed, landuse_polygon); power=substation@534m(Varsana Ispat, mapped_feature); landuse=industrial@830m(unnamed, landuse_polygon)",Limited,False,False,Persistent,Low-activity,Persistent / Low-activity,Strongly seasonal,True,2023 recurrence_strength=Limited but persistent across all 5 years (2023 volume alone understates multi-year persistence)
5,5,2019;2020;2021;2022;2023,2019,2023,True,95,360,0.2631578947368421,213,42.6,6,19,18,42,128,5,18,16,36,95,128,1.571171875,8.64,5.499080105414947,26.7,increasing,49.48535136785431,1.1616279663815565,1:42;2:29;3:17;4:9;5:15;6:9;7:10;8:7;9:6;10:20;11:22;12:27,0.460093896713615,1,15,113,0.8828125,0.0234375,0.0703125,23.11823734375,70.085329140625,791.7555778850702,23.11113,23.12461,70.08199,70.0882,power,Power substation,Welspun,True,480.0,mapped_feature,2,3,0,0,0,0,6,ok,"power=substation@480m(Welspun, mapped_feature); power=generator@700m(unnamed, mapped_feature); landuse=industrial@1019m(unnamed, landuse_polygon); power=substation@1209m(Varsamedi, mapped_feature); landuse=industrial@1389m(unnamed, landuse_polygon)",Moderate,False,False,Persistent,High-activity,Persistent / High-activity,Not strongly seasonal,True,2023 recurrence_strength=Moderate but persistent across all 5 years (2023 volume alone understates multi-year persistence)
6,5,2019;2020;2021;2022;2023,2019,2023,True,127,357,0.3547486033519553,734,146.8,163,126,119,175,151,141,104,98,145,127,151,1.0777483443708609,5.22,4.8434312400147475,2.5,stable,23.878860944358298,0.16266254049290393,1:131;2:118;3:72;4:46;5:40;6:24;7:6;8:13;9:22;10:79;11:90;12:93,0.4659400544959128,1,5,146,0.9668874172185431,0.019867549668874173,0.059602649006622516,23.01412390728477,70.1025980794702,710.804789735865,23.00883,23.02032,70.09733,70.10533,industrial,Industrial land use,,False,123.9,landuse_polygon,3,2,0,0,0,0,5,ok,"landuse=industrial@124m(unnamed, landuse_polygon); power=substation@318m(SAL, mapped_feature); power=substation@1144m(Kidana, mapped_feature); landuse=industrial@1393m(unnamed, landuse_polygon); landuse=industrial@1516m(unnamed, landuse_polygon)",Moderate,False,False,Persistent,High-activity,Persistent / High-activity,Not strongly seasonal,True,2023 recurrence_strength=Moderate but persistent across all 5 years (2023 volume alone understates multi-year persistence)
7,5,2019;2020;2021;2022;2023,2019,2023,True,196,364,0.536986301369863,1001,200.2,196,144,184,215,262,166,117,152,172,196,262,1.4370992366412214,7.17,4.9892170402634655,20.3,increasing,43.23424568556736,0.21595527315468213,1:179;2:132;3:115;4:93;5:67;6:21;7:5;8:22;9:36;10:103;11:99;12:129,0.43956043956043955,1,11,251,0.9580152671755725,0.015267175572519083,0.03816793893129771,20.910157175572518,71.45918393129772,389.10283796502404,20.90712,20.91349,71.45583,71.46262,industrial,Industrial land use,,False,311.0,landuse_polygon,2,2,0,0,0,0,4,ok,"landuse=industrial@311m(unnamed, landuse_polygon); power=substation@318m(L&T Kovaya, mapped_feature); power=substation@375m(unnamed, mapped_feature); landuse=industrial@1387m(GSPC Pipavav Power Company Ltd., landuse_polygon)",Strong,False,False,Persistent,High-activity,Persistent / High-activity,Not strongly seasonal,True,
8,5,2019;2020;2021;2022;2023,2019,2023,True,143,361,0.39502762430939226,672,134.4,144,109,134,113,172,112,85,106,100,143,172,1.2391279069767442,3.43,2.7680758222680995,6.0,stable,25.5401644473954,0.19003098547169198,1:154;2:121;3:91;4:25;5:39;6:16;7:3;8:8;9:14;10:48;11:70;12:83,0.5446428571428571,1,0,172,1.0,0.023255813953488372,0.05813953488372093,20.834927093023257,70.69305860465116,734.5897840410568,20.8323,20.83738,70.68645,70.69608,industrial,Chimney,,False,126.3,point_facility,4,1,0,0,0,0,8,ok,"man_made=chimney@126m(unnamed, point_facility); man_made=chimney@134m(unnamed, point_facility); man_made=chimney@178m(unnamed, point_facility); landuse=industrial@237m(unnamed, landuse_polygon); power=plant@265m(Gujarat Cement Works Power Station, mapped_feature)",Strong,False,False,Persistent,High-activity,Persistent / High-activity,Not strongly seasonal,True,
9,5,2019;2020;2021;2022;2023,2019,2023,True,82,359,0.22777777777777777,453,90.6,139,39,42,54,179,78,32,32,42,82,179,5.1989385474860335,40.21,7.734271069513545,9.5,increasing,64.2674100925189,0.7093533122794581,1:103;2:36;3:29;4:19;5:24;6:3;7:15;8:4;9:25;10:38;11:108;12:49,0.5739514348785872,11,37,142,0.7932960893854749,0.0893854748603352,0.19553072625698323,22.34051687150838,69.87384994413408,1356.010680154305,22.33367,22.34855,69.86235,69.88593,power,Power substation,,False,501.9,mapped_feature,4,1,0,0,0,0,9,ok,"power=substation@502m(unnamed, mapped_feature); landuse=industrial@855m(Reliance Refinery, landuse_polygon); man_made=chimney@1291m(unnamed, point_facility); man_made=chimney@1382m(unnamed, point_facility); man_made=chimney@1405m(unnamed, point_facility)",Moderate,False,False,Persistent,High-activity,Persistent / High-activity,Not strongly seasonal,True,2023 recurrence_strength=Moderate but persistent across all 5 years (2023 volume alone understates multi-year persistence)
10,5,2019;2020;2021;2022;2023,2019,2023,True,88,360,0.24376731301939059,386,77.2,43,86,95,70,92,40,80,82,66,88,92,0.8284782608695652,2.33,2.8123852007347154,8.2,increasing,21.417282740814716,0.27742594223853256,1:88;2:72;3:39;4:10;5:20;6:7;7:0;8:7;9:13;10:38;11:38;12:54,0.5544041450777202,1,0,92,1.0,0.021739130434782608,0.06521739130434782,22.92639913043478,69.82357369565217,335.44593771559636,22.9238,22.92847,69.82072,69.82642,industrial,Industrial land use,,False,155.2,landuse_polygon,1,2,0,0,0,0,3,ok,"landuse=industrial@155m(unnamed, landuse_polygon); power=substation@214m(PCBL, mapped_feature); power=substation@816m(Mokha, mapped_feature)",Moderate,False,False,Persistent,High-activity,Persistent / High-activity,Not strongly seasonal,True,2023 recurrence_strength=Moderate but persistent across all 5 years (2023 volume alone understates multi-year persistence)
11,5,2019;2020;2021;2022;2023,2019,2023,True,47,354,0.1323943661971831,474,94.8,133,166,75,41,59,94,131,62,34,47,59,2.309322033898305,11.09,4.802275229357798,-27.3,decreasing,52.67067495295651,0.5555978370565033,1:78;2:49;3:58;4:63;5:52;6:21;7:5;8:2;9:5;10:36;11:48;12:57,0.41983122362869196,1,4,55,0.9322033898305084,0.05084745762711865,0.15254237288135594,22.36497559322034,73.11556169491526,776.547773106279,22.36068,22.36802,73.10801,73.12175,power,Power substation,Koyali,True,756.9,mapped_feature,1,2,0,0,0,0,3,ok,"power=substation@757m(Koyali, mapped_feature); power=substation@1247m(unnamed, mapped_feature); landuse=industrial@1627m(Gujarat Refinery, landuse_polygon)",Limited,False,False,Persistent,High-activity,Persistent / High-activity,Not strongly seasonal,True,2023 recurrence_strength=Limited but persistent across all 5 years (2023 volume alone understates multi-year persistence)
12,4,2020;2021;2022;2023,2020,2023,True,50,360,0.13850415512465375,129,25.8,0,2,2,72,53,0,1,2,70,50,53,0.8445283018867925,2.27,2.6878909740840036,17.6,increasing,34.178940884702676,1.3247651505698712,1:18;2:11;3:8;4:11;5:7;6:5;7:0;8:4;9:5;10:14;11:15;12:31,0.49612403100775193,12,0,53,1.0,0.03773584905660377,0.11320754716981132,23.265779056603773,70.25883509433962,434.168529994041,23.26273,23.2685,70.25591,70.26212,industrial,Industrial land use,,False,395.2,landuse_polygon,3,0,0,0,0,0,3,ok,"landuse=industrial@395m(unnamed, landuse_polygon); landuse=industrial@724m(unnamed, landuse_polygon); landuse=industrial@774m(unnamed, landuse_polygon)",Limited,False,False,Intermittent,Low-activity,Intermittent / Low-activity,Not strongly seasonal,True,
13,5,2019;2020;2021;2022;2023,2019,2023,True,15,302,0.04950495049504951,127,25.4,45,19,20,28,15,43,18,20,25,15,15,0.746,1.65,2.2117962466487935,-5.1,decreasing,11.92895636675732,0.46964395144713866,1:29;2:21;3:12;4:3;5:2;6:0;7:0;8:0;9:0;10:14;11:17;12:29,0.6220472440944882,1,0,15,1.0,0.06666666666666667,0.2,23.266596,70.28106666666666,219.94709458292812,23.26501,23.26754,70.27941,70.28258,industrial,Industrial land use,,False,122.5,landuse_polygon,2,0,0,0,0,0,2,ok,"landuse=industrial@122m(unnamed, landuse_polygon); landuse=industrial@646m(unnamed, landuse_polygon)",Limited,False,False,Persistent,Low-activity,Persistent / Low-activity,Not strongly seasonal,True,2023 recurrence_strength=Limited but persistent across all 5 years (2023 volume alone understates multi-year persistence)
14,5,2019;2020;2021;2022;2023,2019,2023,True,41,363,0.11263736263736264,86,17.2,2,3,15,22,44,2,3,14,22,41,44,0.6902272727272727,1.57,2.2746131050378664,10.3,increasing,17.16682847820179,0.9980714231512668,1:15;2:6;3:5;4:0;5:3;6:1;7:0;8:0;9:1;10:15;11:16;12:24,0.6395348837209303,12,0,44,1.0,0.045454545454545456,0.13636363636363635,23.31341590909091,70.19966363636364,241.01779319827523,23.31164,23.31494,70.19804,70.20192,power,Power substation,Mono Steel,True,239.0,mapped_feature,0,1,0,0,0,0,1,ok,"power=substation@239m(Mono Steel, mapped_feature)",Limited,False,False,Persistent,Low-activity,Persistent / Low-activity,Not strongly seasonal,True,2023 recurrence_strength=Limited but persistent across all 5 years (2023 volume alone understates multi-year persistence)
15,5,2019;2020;2021;2022;2023,2019,2023,True,121,360,0.33518005540166207,661,132.2,136,113,162,116,134,114,102,135,101,121,134,1.3963432835820895,3.48,2.492223825557159,-0.1,stable,19.601020381602588,0.14826793026930854,1:96;2:92;3:75;4:37;5:30;6:21;7:15;8:11;9:25;10:85;11:89;12:85,0.41906202723146746,1,3,131,0.9776119402985075,0.022388059701492536,0.05223880597014925,24.69024447761194,73.00246507462687,321.54043950643074,24.68751,24.69276,73.00021,73.00507,industrial,Industrial land use,,False,204.9,landuse_polygon,1,2,0,0,0,1,4,ok,"landuse=industrial@205m(unnamed, landuse_polygon); power=substation@404m(unnamed, mapped_feature); power=substation@675m(unnamed, mapped_feature); landuse=quarry@1489m(unnamed, landuse_polygon)",Moderate,False,False,Persistent,High-activity,Persistent / High-activity,Not strongly seasonal,True,2023 recurrence_strength=Moderate but persistent across all 5 years (2023 volume alone understates multi-year persistence)
16,5,2019;2020;2021;2022;2023,2019,2023,True,28,354,0.07887323943661972,118,23.6,24,25,19,22,28,24,25,19,22,28,28,1.5407142857142857,1.96,1.2721372276309688,0.5,stable,3.361547262794322,0.14243844333874245,1:29;2:10;3:4;4:6;5:3;6:4;7:3;8:1;9:11;10:12;11:11;12:24,0.5508474576271186,1,0,28,1.0,0.03571428571428571,0.10714285714285714,22.330599285714285,69.74935142857143,218.42773944741296,22.32898,22.33186,69.74757,69.75098,industrial,Chimney,,False,336.1,point_facility,1,0,0,0,0,0,1,ok,"man_made=chimney@336m(unnamed, point_facility)",Limited,False,False,Persistent,Low-activity,Persistent / Low-activity,Not strongly seasonal,True,2023 recurrence_strength=Limited but persistent across all 5 years (2023 volume alone understates multi-year persistence)
17,5,2019;2020;2021;2022;2023,2019,2023,True,73,183,0.3967391304347826,1377,275.4,394,329,352,206,96,241,226,220,169,73,96,0.8866666666666667,2.85,3.2142857142857144,-71.9,decreasing,122.2775531322082,0.44399982981920194,1:192;2:187;3:174;4:144;5:132;6:77;7:35;8:27;9:42;10:112;11:116;12:139,0.40159767610748004,1,2,94,0.9791666666666666,0.020833333333333332,0.0625,22.416064791666667,69.03900572916666,327.8842036377564,22.41367,22.41882,69.03622,69.04123,industrial,Industrial land use,,False,12.5,landuse_polygon,1,0,0,0,0,0,1,ok,"landuse=industrial@12m(unnamed, landuse_polygon)",Moderate,False,False,Persistent,High-activity,Persistent / High-activity,Not strongly seasonal,True,2023 recurrence_strength=Moderate but persistent across all 5 years (2023 volume alone understates multi-year persistence)
18,2,2022;2023,2022,2023,True,56,356,0.1568627450980392,86,17.2,0,0,0,23,63,0,0,0,17,56,63,0.8277777777777777,2.24,2.7060402684563765,14.9,increasing,27.471803726730432,1.5971978910889786,1:5;2:1;3:6;4:4;5:2;6:5;7:0;8:4;9:1;10:20;11:19;12:19,0.6744186046511628,10,3,60,0.9523809523809523,0.047619047619047616,0.1111111111111111,23.407850793650795,72.41690412698412,516.1974626825978,23.40421,23.41127,72.41186,72.42011,industrial,Industrial land use,,False,562.6,landuse_polygon,3,0,0,0,0,0,3,ok,"landuse=industrial@563m(unnamed, landuse_polygon); landuse=industrial@587m(unnamed, landuse_polygon); landuse=industrial@657m(unnamed, landuse_polygon)",Limited,False,False,Intermittent,Low-activity,Intermittent / Low-activity,Not strongly seasonal,True,
19,5,2019;2020;2021;2022;2023,2019,2023,True,104,358,0.28969359331476324,353,70.6,19,49,43,130,112,18,47,41,115,104,112,1.149375,2.9,2.5231103860793906,26.7,increasing,47.783888498112,0.6768256161205666,1:48;2:45;3:31;4:21;5:16;6:14;7:0;8:6;9:19;10:34;11:54;12:65,0.4730878186968839,12,0,112,1.0,0.017857142857142856,0.05357142857142857,23.315350357142858,70.48692080357142,296.33485810192474,23.31347,23.31746,70.48442,70.4892,power,Power substation,Gallantt Metal,True,317.7,mapped_feature,1,1,0,0,0,0,2,ok,"power=substation@318m(Gallantt Metal, mapped_feature); landuse=industrial@337m(unnamed, landuse_polygon)",Moderate,False,False,Persistent,High-activity,Persistent / High-activity,Not strongly seasonal,True,2023 recurrence_strength=Moderate but persistent across all 5 years (2023 volume alone understates multi-year persistence)
20,5,2019;2020;2021;2022;2023,2019,2023,True,78,362,0.21487603305785125,887,177.4,231,253,185,127,91,179,179,150,109,78,91,1.2543956043956044,4.63,3.6910205869469994,-40.6,decreasing,68.28469813948071,0.38491938071860604,1:160;2:155;3:119;4:66;5:34;6:23;7:17;8:11;9:22;10:92;11:88;12:100,0.48928974069898534,1,1,90,0.989010989010989,0.03296703296703297,0.07692307692307693,23.429848461538462,68.71229505494506,708.9001091489029,23.42772,23.43221,68.70535,68.71486,industrial,Industrial land use,Sewagram Cement Works Captive Power Station,True,98.0,landuse_polygon,5,0,0,0,0,0,6,ok,"landuse=industrial@98m(Sewagram Cement Works Captive Power Station, landuse_polygon); man_made=chimney@179m(unnamed, point_facility); man_made=chimney@186m(unnamed, point_facility); landuse=industrial@255m(unnamed, landuse_polygon); landuse=industrial@886m(unnamed, landuse_polygon)",Moderate,False,False,Persistent,High-activity,Persistent / High-activity,Not strongly seasonal,True,2023 recurrence_strength=Moderate but persistent across all 5 years (2023 volume alone understates multi-year persistence)
21,5,2019;2020;2021;2022;2023,2019,2023,True,108,361,0.2983425414364641,544,108.8,108,122,66,130,118,97,109,59,116,108,118,0.9534745762711865,2.74,2.873700115545285,2.8,stable,25.203174403237384,0.23164682355916713,1:98;2:95;3:40;4:26;5:29;6:10;7:2;8:7;9:20;10:40;11:81;12:96,0.53125,1,0,118,1.0,0.01694915254237288,0.05084745762711865,23.105059237288135,70.18786898305085,521.4694130856315,23.10273,23.10761,70.18336,70.19048,industrial,Industrial land use,,False,191.1,landuse_polygon,4,1,0,0,0,0,8,ok,"landuse=industrial@191m(unnamed, landuse_polygon); power=substation@392m(Mid India, mapped_feature); landuse=industrial@494m(unnamed, landuse_polygon); landuse=industrial@747m(unnamed, landuse_polygon); landuse=industrial@755m(unnamed, landuse_polygon)",Moderate,False,False,Persistent,High-activity,Persistent / High-activity,Not strongly seasonal,True,2023 recurrence_strength=Moderate but persistent across all 5 years (2023 volume alone understates multi-year persistence)
22,5,2019;2020;2021;2022;2023,2019,2023,True,56,362,0.15426997245179064,451,90.2,106,126,82,72,65,90,93,70,60,56,65,1.3004615384615386,2.92,2.2453566781024485,-13.6,decreasing,25.321927256826246,0.2807309008517322,1:72;2:49;3:36;4:36;5:25;6:15;7:9;8:5;9:14;10:46;11:67;12:77,0.4789356984478936,12,0,65,1.0,0.03076923076923077,0.09230769230769231,22.908276615384615,69.69936615384616,440.5473085028465,22.90529,22.91137,69.69554,69.70343,power,Power substation,Jindal Saw,True,85.9,mapped_feature,0,1,0,0,0,0,1,ok,"power=substation@86m(Jindal Saw, mapped_feature)",Limited,False,False,Persistent,High-activity,Persistent / High-activity,Not strongly seasonal,True,2023 recurrence_strength=Limited but persistent across all 5 years (2023 volume alone understates multi-year persistence)
23,5,2019;2020;2021;2022;2023,2019,2023,True,35,359,0.09722222222222222,272,54.4,67,61,56,48,40,62,56,53,41,35,40,2.418,16.21,6.703887510339123,-6.7,decreasing,10.644247272588137,0.19566631015787017,1:51;2:28;3:18;4:12;5:13;6:6;7:11;8:3;9:19;10:28;11:28;12:55,0.49264705882352944,12,0,40,1.0,0.05,0.15,22.33894375,69.8550625,659.0460796629546,22.33482,22.34288,69.85046,69.85659,industrial,Chimney,,False,357.8,point_facility,5,0,0,0,0,0,34,ok,"man_made=chimney@358m(unnamed, point_facility); man_made=chimney@501m(unnamed, point_facility); man_made=chimney@536m(unnamed, point_facility); man_made=chimney@539m(unnamed, point_facility); man_made=chimney@557m(unnamed, point_facility)",Limited,False,False,Persistent,High-activity,Persistent / High-activity,Not strongly seasonal,True,2023 recurrence_strength=Limited but persistent across all 5 years (2023 volume alone understates multi-year persistence)
24,5,2019;2020;2021;2022;2023,2019,2023,True,34,330,0.1027190332326284,1347,269.4,282,283,397,329,56,182,174,209,157,34,56,2.715535714285714,25.37,9.342539619911884,-40.6,decreasing,128.17683097970553,0.47578630653194337,1:219;2:208;3:178;4:179;5:133;6:28;7:20;8:26;9:27;10:103;11:112;12:114,0.44988864142538976,1,8,48,0.8571428571428571,0.14285714285714285,0.26785714285714285,21.153469285714287,72.73723232142856,802.7461298562504,21.14969,21.15708,72.72952,72.74285,industrial,Industrial land use,,False,634.8,landuse_polygon,4,1,0,0,0,0,5,ok,"landuse=industrial@635m(unnamed, landuse_polygon); landuse=industrial@909m(OIl & Natural Gas Corporation, landuse_polygon); landuse=industrial@932m(unnamed, landuse_polygon); power=substation@1024m(unnamed, mapped_feature); landuse=industrial@1608m(unnamed, landuse_polygon)",Limited,False,False,Persistent,High-activity,Persistent / High-activity,Not strongly seasonal,True,2023 recurrence_strength=Limited but persistent across all 5 years (2023 volume alone understates multi-year persistence)
25,5,2019;2020;2021;2022;2023,2019,2023,True,15,246,0.06072874493927125,619,123.8,369,201,11,6,32,88,44,8,2,15,32,6.08375,35.37,5.813848366550236,-86.9,decreasing,158.9896223028409,1.2842457375027536,1:9;2:0;3:0;4:3;5:223;6:214;7:119;8:23;9:3;10:14;11:1;12:10,0.8982229402261712,5,18,14,0.4375,0.15625,0.40625,22.756333125,69.5603884375,561.8510769307935,22.75249,22.75974,69.55596,69.56556,waste,Landfill,,False,60.9,landuse_polygon,0,0,5,0,0,0,8,ok,"landuse=landfill@61m(unnamed, landuse_polygon); landuse=landfill@124m(unnamed, landuse_polygon); landuse=landfill@183m(unnamed, landuse_polygon); landuse=landfill@261m(unnamed, landuse_polygon); landuse=landfill@351m(unnamed, landuse_polygon)",Limited,False,False,Persistent,High-activity,Persistent / High-activity,Strongly seasonal,True,2023 recurrence_strength=Limited but persistent across all 5 years (2023 volume alone understates multi-year persistence)
26,5,2019;2020;2021;2022;2023,2019,2023,True,19,352,0.053824362606232294,69,13.8,10,12,20,8,19,10,12,20,7,19,19,0.7984210526315789,1.61,2.016479894528675,1.4,increasing,5.403702434442518,0.39157264017699406,1:15;2:9;3:5;4:2;5:1;6:2;7:0;8:1;9:6;10:6;11:10;12:12,0.5362318840579711,1,0,19,1.0,0.05263157894736842,0.15789473684210525,20.867777368421052,70.56565789473684,239.24552872165862,20.86663,20.86871,70.56371,70.56672,power,Power substation,CCGL,True,242.1,mapped_feature,1,1,0,0,0,1,3,ok,"power=substation@242m(CCGL, mapped_feature); landuse=industrial@469m(Gujarat Sidhee Cement, landuse_polygon); landuse=quarry@967m(unnamed, landuse_polygon)",Limited,False,False,Persistent,Low-activity,Persistent / Low-activity,Not strongly seasonal,True,2023 recurrence_strength=Limited but persistent across all 5 years (2023 volume alone understates multi-year persistence)
27,5,2019;2020;2021;2022;2023,2019,2023,True,54,360,0.14958448753462603,143,28.6,8,31,21,27,56,8,30,21,25,54,56,1.0166071428571428,2.19,2.1542244862111364,9.2,increasing,17.615334229017627,0.6159207772383786,1:30;2:15;3:20;4:3;5:5;6:1;7:0;8:2;9:5;10:11;11:24;12:27,0.5664335664335665,1,0,56,1.0,0.03571428571428571,0.08928571428571429,22.400827321428572,69.01905625,302.93281305034725,22.39895,22.40297,69.01676,69.02161,industrial,Industrial land use,TATA Chemicals,True,67.2,landuse_polygon,4,0,0,0,0,0,4,ok,"landuse=industrial@67m(TATA Chemicals, landuse_polygon); man_made=silo@370m(unnamed, mapped_feature); man_made=chimney@523m(unnamed, point_facility); landuse=industrial@1116m(TATA Chemicals, landuse_polygon)",Limited,False,False,Persistent,High-activity,Persistent / High-activity,Not strongly seasonal,True,2023 recurrence_strength=Limited but persistent across all 5 years (2023 volume alone understates multi-year persistence)
28,5,2019;2020;2021;2022;2023,2019,2023,True,22,299,0.07333333333333333,207,41.4,43,51,47,43,23,42,47,46,40,22,23,0.9895652173913043,2.03,2.0514059753954306,-4.8,decreasing,10.807404868885037,0.2610484267846627,1:30;2:22;3:22;4:15;5:11;6:7;7:1;8:2;9:6;10:30;11:25;12:36,0.463768115942029,12,1,22,0.9565217391304348,0.08695652173913043,0.17391304347826086,23.30479652173913,70.47693869565218,268.3403737925356,23.30283,23.30703,70.47447,70.47911,industrial,Industrial land use,,False,255.8,landuse_polygon,2,2,0,0,0,0,4,ok,"landuse=industrial@256m(unnamed, landuse_polygon); power=substation@261m(Electrotherm India, mapped_feature); power=substation@715m(ASR, mapped_feature); landuse=industrial@936m(unnamed, landuse_polygon)",Limited,False,False,Persistent,High-activity,Persistent / High-activity,Not strongly seasonal,True,2023 recurrence_strength=Limited but persistent across all 5 years (2023 volume alone understates multi-year persistence)
29,5,2019;2020;2021;2022;2023,2019,2023,True,18,352,0.05099150141643059,117,23.4,23,39,29,6,20,23,39,26,6,18,20,0.8305,1.29,1.5532811559301625,-3.9,decreasing,12.136721138759018,0.5186632965281632,1:34;2:17;3:16;4:8;5:3;6:1;7:0;8:0;9:2;10:5;11:11;12:20,0.6068376068376068,1,0,20,1.0,0.1,0.25,23.2569455,70.262103,262.05039615068216,23.25554,23.25891,70.25954,70.2642,industrial,Industrial land use,,False,754.8,landuse_polygon,2,0,0,0,0,0,2,ok,"landuse=industrial@755m(unnamed, landuse_polygon); landuse=industrial@970m(unnamed, landuse_polygon)",Limited,False,False,Persistent,Low-activity,Persistent / Low-activity,Not strongly seasonal,True,2023 recurrence_strength=Limited but persistent across all 5 years (2023 volume alone understates multi-year persistence)
30,5,2019;2020;2021;2022;2023,2019,2023,True,110,335,0.3273809523809524,493,98.6,2,182,10,48,251,1,84,6,29,110,251,3.2490438247011952,15.22,4.684455126240022,36.4,increasing,111.71750086714256,1.133037534149519,1:46;2:10;3:25;4:4;5:6;6:0;7:6;8:0;9:47;10:166;11:127;12:56,0.7079107505070994,10,78,173,0.6892430278884463,0.03187250996015936,0.0796812749003984,22.92515593625498,70.10639585657371,864.5507378795809,22.9198,22.93278,70.102,70.10974,industrial,Industrial land use,Tuna-Tekra Container Terminal,True,698.7,landuse_polygon,1,1,0,0,0,0,2,ok,"landuse=industrial@699m(Tuna-Tekra Container Terminal, landuse_polygon); power=substation@920m(Adani Kandla Bulk Terminal, mapped_feature)",Moderate,False,False,Persistent,High-activity,Persistent / High-activity,Strongly seasonal,True,2023 recurrence_strength=Moderate but persistent across all 5 years (2023 volume alone understates multi-year persistence)
31,5,2019;2020;2021;2022;2023,2019,2023,True,10,80,0.12345679012345678,64,12.8,7,16,18,12,11,7,16,17,11,10,11,0.5354545454545454,0.9,1.6808149405772497,0.4,stable,4.324349662087931,0.3378398173506196,1:29;2:11;3:9;4:0;5:0;6:0;7:0;8:0;9:2;10:2;11:1;12:10,0.78125,1,0,11,1.0,0.18181818181818182,0.36363636363636365,22.430206363636362,69.83308727272727,249.27068029935106,22.42898,22.43178,69.83136,69.83474,industrial,Industrial land use,SHREE DIGVIJAY CEMENT,True,233.9,landuse_polygon,1,3,0,0,0,0,4,ok,"landuse=industrial@234m(SHREE DIGVIJAY CEMENT, landuse_polygon); power=substation@320m(Sikka, mapped_feature); power=substation@322m(SDCC, mapped_feature); power=plant@1059m(Sikka Thermal Power Station, mapped_feature)",Limited,True,False,Persistent,Low-activity,Persistent / Low-activity,Strongly seasonal,True,2023 recurrence_strength=Limited but persistent across all 5 years (2023 volume alone understates multi-year persistence); named industrial OSM feature nearby (SHREE DIGVIJAY CEMENT) despite below-median 5-year activity -- proximity is not evidence this feature is the thermal source
32,4,2020;2021;2022;2023,2020,2023,True,36,359,0.1,83,16.6,0,5,10,16,52,0,3,9,16,36,52,1.365,7.19,5.267399267399267,11.5,increasing,20.659138413786767,1.2445264104690823,1:6;2:4;3:2;4:4;5:4;6:2;7:0;8:0;9:1;10:18;11:24;12:18,0.7228915662650602,11,4,48,0.9230769230769231,0.07692307692307693,0.21153846153846154,22.97905673076923,72.56604096153846,604.5823106423164,22.97494,22.98398,72.56321,72.56947,waste,Landfill,Municipal Landfill,True,146.1,landuse_polygon,3,0,1,1,0,0,13,ok,"landuse=landfill@146m(Municipal Landfill, landuse_polygon); landuse=industrial@284m(unnamed, landuse_polygon); landuse=industrial@879m(unnamed, landuse_polygon); landuse=industrial@952m(unnamed, landuse_polygon); landuse=farmland@1014m(unnamed, landuse_polygon)",Limited,False,False,Intermittent,Low-activity,Intermittent / Low-activity,Strongly seasonal,True,
33,5,2019;2020;2021;2022;2023,2019,2023,True,25,352,0.0708215297450425,57,11.4,2,1,8,20,26,2,1,8,20,25,26,0.7753846153846153,2.45,3.1597222222222228,6.7,increasing,11.1265448365609,0.9760127049614824,1:4;2:8;3:5;4:1;5:2;6:3;7:1;8:0;9:1;10:12;11:7;12:13,0.5789473684210527,12,0,26,1.0,0.07692307692307693,0.15384615384615385,22.987993461538462,72.58864192307692,313.2084745318037,22.98591,22.98972,72.58568,72.59116,industrial,Industrial land use,,False,989.1,landuse_polygon,1,0,0,0,0,0,1,ok,"landuse=industrial@989m(unnamed, landuse_polygon)",Limited,False,False,Persistent,Low-activity,Persistent / Low-activity,Not strongly seasonal,True,2023 recurrence_strength=Limited but persistent across all 5 years (2023 volume alone understates multi-year persistence)
34,5,2019;2020;2021;2022;2023,2019,2023,True,44,358,0.12256267409470752,75,15,1,12,4,5,53,1,11,4,5,44,53,0.9952830188679246,5.54,5.5662559241706155,9.7,increasing,21.621748310439653,1.4414498873626436,1:10;2:14;3:7;4:6;5:2;6:1;7:1;8:0;9:4;10:6;11:9;12:15,0.52,12,0,53,1.0,0.03773584905660377,0.11320754716981132,23.327859811320753,70.21389150943396,442.60803621348873,23.32509,23.33184,70.21083,70.21647,power,Power substation,Navkar Ispat,True,210.8,mapped_feature,0,2,0,0,0,1,3,ok,"power=substation@211m(Navkar Ispat, mapped_feature); power=substation@527m(Amardi, mapped_feature); landuse=quarry@847m(unnamed, landuse_polygon)",Limited,False,False,Persistent,Low-activity,Persistent / Low-activity,Not strongly seasonal,True,2023 recurrence_strength=Limited but persistent across all 5 years (2023 volume alone understates multi-year persistence)
35,5,2019;2020;2021;2022;2023,2019,2023,True,10,150,0.06622516556291391,284,56.8,76,117,55,24,12,47,69,44,21,10,12,1.2516666666666667,3.49,2.788282290279627,-22.1,decreasing,42.06780241467339,0.7406303242019963,1:34;2:34;3:45;4:23;5:19;6:10;7:1;8:7;9:13;10:47;11:20;12:31,0.44366197183098594,10,1,11,0.9166666666666666,0.25,0.4166666666666667,21.905318333333334,72.75529666666667,474.1519293412938,21.90322,21.90806,72.75167,72.7597,industrial,Industrial land use,,False,1164.9,landuse_polygon,1,0,0,0,0,0,1,ok,"landuse=industrial@1165m(unnamed, landuse_polygon)",Limited,False,False,Persistent,High-activity,Persistent / High-activity,Not strongly seasonal,True,2023 recurrence_strength=Limited but persistent across all 5 years (2023 volume alone understates multi-year persistence)
36,4,2019;2021;2022;2023,2019,2023,True,27,347,0.07758620689655173,56,11.2,6,0,1,22,27,6,0,1,18,27,27,0.7851851851851852,3.98,5.068867924528302,6.4,increasing,12.477980605851252,1.114105411236719,1:19;2:13;3:5;4:3;5:1;6:0;7:0;8:0;9:0;10:2;11:5;12:8,0.7142857142857143,1,1,26,0.9629629629629629,0.037037037037037035,0.1111111111111111,24.60394037037037,73.81657185185185,540.1293733282076,24.60047,24.60563,73.81418,73.82031,industrial,Industrial land use,,False,48.0,landuse_polygon,2,3,0,0,0,0,5,ok,"landuse=industrial@48m(unnamed, landuse_polygon); power=substation@469m(unnamed, mapped_feature); power=generator@568m(unnamed, mapped_feature); landuse=industrial@570m(Debari, landuse_polygon); power=substation@905m(Debari, mapped_feature)",Limited,False,False,Intermittent,Low-activity,Intermittent / Low-activity,Strongly seasonal,True,
37,4,2020;2021;2022;2023,2020,2023,True,12,327,0.036585365853658534,141,28.2,0,7,66,49,19,0,7,45,40,12,19,1.321578947368421,2.94,2.2246117084826764,8.0,increasing,28.243583342061964,1.0015455085837577,1:15;2:11;3:3;4:24;5:14;6:15;7:0;8:4;9:1;10:9;11:22;12:23,0.48936170212765956,4,1,18,0.9473684210526315,0.21052631578947367,0.42105263157894735,22.790969999999998,70.91822052631579,614.5610474632955,22.78547,22.79572,70.9156,70.92072,power,Power substation,Olwin,True,745.9,mapped_feature,2,2,0,0,0,1,5,ok,"power=substation@746m(Olwin, mapped_feature); power=substation@929m(Jambudiya, mapped_feature); landuse=industrial@1150m(unnamed, landuse_polygon); landuse=quarry@2069m(unnamed, landuse_polygon); landuse=industrial@2708m(unnamed, landuse_polygon)",Limited,False,False,Intermittent,High-activity,Intermittent / High-activity,Not strongly seasonal,True,
38,5,2019;2020;2021;2022;2023,2019,2023,True,10,182,0.0546448087431694,243,48.6,85,74,21,43,20,61,56,14,23,10,20,4.5805,40.2,8.776334461303351,-16.1,decreasing,29.921564130238913,0.6156700438320764,1:63;2:23;3:11;4:5;5:4;6:18;7:2;8:2;9:5;10:44;11:32;12:34,0.5802469135802469,1,1,19,0.95,0.3,0.6,22.3325545,69.734759,579.1064903471878,22.32789,22.33557,69.72968,69.73988,industrial,Industrial land use,Vadinar Power Plant,True,855.3,landuse_polygon,5,0,0,0,0,0,17,ok,"landuse=industrial@855m(Vadinar Power Plant, landuse_polygon); man_made=chimney@867m(unnamed, point_facility); man_made=works@898m(Essar Power Limited, point_facility); man_made=chimney@912m(unnamed, point_facility); man_made=chimney@941m(unnamed, point_facility)",Limited,False,True,Persistent,High-activity,Persistent / High-activity,Not strongly seasonal,True,2023 recurrence_strength=Limited but persistent across all 5 years (2023 volume alone understates multi-year persistence)
39,3,2021;2022;2023,2021,2023,True,10,332,0.03003003003003003,15,3,0,0,2,3,10,0,0,2,3,10,10,0.511,0.83,1.6242661448140898,2.3,increasing,4.123105625617661,1.3743685418725535,1:4;2:1;3:1;4:0;5:1;6:0;7:0;8:0;9:1;10:2;11:3;12:2,0.6,1,0,10,1.0,0.1,0.3,21.759372,71.950259,186.43350662367604,21.75822,21.76039,71.94885,71.95201,industrial,Industrial land use,,False,536.8,landuse_polygon,2,1,0,0,0,0,3,ok,"landuse=industrial@537m(unnamed, landuse_polygon); power=substation@618m(unnamed, mapped_feature); landuse=industrial@784m(unnamed, landuse_polygon)",Limited,False,False,Intermittent,Low-activity,Intermittent / Low-activity,Not strongly seasonal,True,
40,5,2019;2020;2021;2022;2023,2019,2023,True,14,286,0.04878048780487805,384,76.8,317,25,2,11,29,170,12,2,9,14,29,2.0100000000000002,6.91,3.4378109452736316,-59.0,decreasing,134.71154367759283,1.75405655830199,1:62;2:56;3:57;4:23;5:48;6:28;7:22;8:7;9:5;10:38;11:24;12:14,0.4557291666666667,1,3,26,0.896551724137931,0.20689655172413793,0.4482758620689655,22.3153175862069,69.85972620689655,673.177876906416,22.31189,22.31902,69.85381,69.86541,power,Power substation,,False,972.6,mapped_feature,3,2,0,0,0,0,7,ok,"power=substation@973m(unnamed, mapped_feature); man_made=chimney@985m(unnamed, point_facility); man_made=chimney@1014m(unnamed, point_facility); man_made=chimney@1053m(unnamed, point_facility); power=plant@1138m(unnamed, mapped_feature)",Limited,False,False,Persistent,High-activity,Persistent / High-activity,Not strongly seasonal,True,2023 recurrence_strength=Limited but persistent across all 5 years (2023 volume alone understates multi-year persistence)
41,5,2019;2020;2021;2022;2023,2019,2023,True,14,343,0.040697674418604654,136,27.2,20,23,33,40,20,18,18,28,30,14,20,2.1115,10.61,5.024863840871419,1.7,stable,8.927485648266257,0.3282163841274359,1:17;2:13;3:19;4:23;5:17;6:8;7:3;8:1;9:2;10:17;11:10;12:6,0.4338235294117647,4,9,11,0.55,0.15,0.35,21.7941525,72.6477795,444.8176101172786,21.79061,21.79726,72.64602,72.6508,industrial,Industrial land use,,False,166.0,landuse_polygon,1,0,0,0,0,0,1,ok,"landuse=industrial@166m(unnamed, landuse_polygon)",Limited,False,False,Persistent,High-activity,Persistent / High-activity,Not strongly seasonal,True,2023 recurrence_strength=Limited but persistent across all 5 years (2023 volume alone understates multi-year persistence)
42,4,2020;2021;2022;2023,2020,2023,True,17,31,0.53125,64,12.8,0,24,1,7,32,0,13,1,5,17,32,2.6403125,5.93,2.245946265830276,4.7,increasing,14.411800720243116,1.1259219312689934,1:36;2:20;3:0;4:7;5:0;6:1;7:0;8:0;9:0;10:0;11:0;12:0,0.984375,1,3,29,0.90625,0.09375,0.28125,22.73397125,69.66472625,464.48879897218137,22.73024,22.73664,69.66078,69.66812,industrial,Industrial land use,Mundra Port,True,3397.0,landuse_polygon,1,0,0,0,0,0,1,ok,"landuse=industrial@3397m(Mundra Port, landuse_polygon)",Limited,True,False,Intermittent,Low-activity,Intermittent / Low-activity,Strongly seasonal,True,named industrial OSM feature nearby (Mundra Port) despite below-median 5-year activity -- proximity is not evidence this feature is the thermal source
43,5,2019;2020;2021;2022;2023,2019,2023,True,9,257,0.03488372093023256,288,57.6,36,76,37,120,19,17,58,26,58,9,19,9.860526315789473,23.53,2.38628235922071,1.0,stable,40.66079192539171,0.705916526482495,1:55;2:53;3:19;4:47;5:30;6:16;7:9;8:0;9:4;10:17;11:20;12:18,0.5381944444444444,1,7,12,0.631578947368421,0.3684210526315789,0.631578947368421,21.69411210526316,72.60452157894737,519.5987060533361,21.69029,21.69787,72.60058,72.60737,industrial,Industrial works,,False,543.7,mapped_feature,5,0,0,0,0,0,14,ok,"man_made=works@544m(unnamed, mapped_feature); man_made=works@610m(unnamed, mapped_feature); man_made=works@720m(unnamed, mapped_feature); man_made=works@860m(unnamed, mapped_feature); man_made=works@955m(unnamed, mapped_feature)",Limited,False,True,Persistent,High-activity,Persistent / High-activity,Not strongly seasonal,True,2023 recurrence_strength=Limited but persistent across all 5 years (2023 volume alone understates multi-year persistence)
44,5,2019;2020;2021;2022;2023,2019,2023,True,8,270,0.02952029520295203,27,5.4,7,4,2,6,8,7,4,2,6,8,8,0.55625,0.76,1.3662921348314607,0.4,stable,2.4083189157584592,0.4459849843997146,1:4;2:6;3:2;4:2;5:1;6:0;7:0;8:0;9:0;10:7;11:5;12:0,0.6666666666666666,10,0,8,1.0,0.125,0.375,23.3066375,70.46667,176.50130059611968,23.30598,23.30711,70.46502,70.46806,industrial,Industrial land use,,False,251.6,landuse_polygon,2,1,0,0,0,0,3,ok,"landuse=industrial@252m(unnamed, landuse_polygon); power=substation@357m(ASR, mapped_feature); landuse=industrial@984m(unnamed, landuse_polygon)",Limited,False,False,Persistent,Low-activity,Persistent / Low-activity,Not strongly seasonal,True,2023 recurrence_strength=Limited but persistent across all 5 years (2023 volume alone understates multi-year persistence)
45,2,2022;2023,2022,2023,True,11,315,0.03481012658227848,19,3.8,0,0,0,8,11,0,0,0,8,11,11,0.58,0.73,1.2586206896551724,3.0,increasing,5.310367218940701,1.3974650576159742,1:4;2:4;3:4;4:4;5:1;6:0;7:0;8:0;9:0;10:0;11:1;12:1,0.631578947368421,1,0,11,1.0,0.09090909090909091,0.2727272727272727,23.689301818181818,68.83219636363637,169.35820943250562,23.68839,23.6905,68.83054,68.83324,other,Quarry,,False,84.0,landuse_polygon,0,0,0,0,0,1,1,ok,"landuse=quarry@84m(unnamed, landuse_polygon)",Limited,False,False,Intermittent,Low-activity,Intermittent / Low-activity,Not strongly seasonal,True,
46,3,2019;2020;2023,2019,2023,True,8,335,0.023809523809523808,14,2.8,3,1,0,0,10,2,1,0,0,8,10,5.718,14.74,2.577824414130815,1.3,increasing,4.207136793592526,1.5025488548544736,1:2;2:3;3:1;4:3;5:1;6:0;7:0;8:0;9:0;10:0;11:1;12:3,0.6428571428571429,2,5,5,0.5,0.2,0.5,22.387721,73.117034,369.101016795458,22.38491,22.38951,73.11401,73.11926,power,Power substation,Jawahar Nagar,True,702.2,mapped_feature,4,1,0,0,0,0,5,ok,"power=substation@702m(Jawahar Nagar, mapped_feature); man_made=works@780m(unnamed, mapped_feature); landuse=industrial@914m(unnamed, landuse_polygon); landuse=industrial@951m(Gujarat Refinery, landuse_polygon); man_made=works@1033m(unnamed, mapped_feature)",Limited,False,False,Intermittent,Low-activity,Intermittent / Low-activity,Not strongly seasonal,True,
47,5,2019;2020;2021;2022;2023,2019,2023,True,18,334,0.05373134328358209,214,42.8,58,25,38,53,40,33,13,16,25,18,40,4.65575,10.3,2.21231810127262,-0.8,stable,13.065221008463654,0.3052621730949452,1:33;2:9;3:9;4:16;5:11;6:19;7:3;8:12;9:11;10:60;11:22;12:9,0.5373831775700935,10,14,26,0.65,0.15,0.35,22.32186275,69.8818575,827.7702876165296,22.3174,22.32611,69.87441,69.88983,waste,Wastewater treatment plant,,False,361.7,mapped_feature,4,0,1,0,0,0,8,ok,"man_made=wastewater_plant@362m(unnamed, mapped_feature); man_made=chimney@573m(unnamed, point_facility); man_made=chimney@1090m(unnamed, point_facility); man_made=chimney@1149m(unnamed, point_facility); man_made=chimney@1296m(unnamed, point_facility)",Limited,False,False,Persistent,High-activity,Persistent / High-activity,Not strongly seasonal,True,2023 recurrence_strength=Limited but persistent across all 5 years (2023 volume alone understates multi-year persistence)
48,5,2019;2020;2021;2022;2023,2019,2023,True,7,326,0.021406727828746176,28,5.6,4,4,6,5,9,3,4,5,4,7,9,1.681111111111111,3.65,2.1711830799735625,1.1,increasing,2.073644135332772,0.37029359559513786,1:3;2:6;3:0;4:2;5:2;6:2;7:0;8:0;9:0;10:2;11:3;12:8,0.6071428571428571,12,0,9,1.0,0.2222222222222222,0.5555555555555556,23.037216666666666,72.27318666666667,260.0009495061203,23.03488,23.03841,72.27177,72.27538,industrial,Industrial land use,,False,644.0,landuse_polygon,2,0,0,0,0,0,2,ok,"landuse=industrial@644m(unnamed, landuse_polygon); landuse=industrial@853m(unnamed, landuse_polygon)",Limited,False,True,Persistent,Low-activity,Persistent / Low-activity,Not strongly seasonal,True,2023 recurrence_strength=Limited but persistent across all 5 years (2023 volume alone understates multi-year persistence)
49,5,2019;2020;2021;2022;2023,2019,2023,True,19,326,0.0581039755351682,58,11.6,8,8,14,9,19,8,8,13,9,19,19,0.9778947368421053,2.15,2.198600645855759,2.3,increasing,4.827007354458868,0.41612132366024723,1:8;2:12;3:9;4:1;5:2;6:0;7:0;8:0;9:1;10:6;11:6;12:13,0.5862068965517241,12,0,19,1.0,0.05263157894736842,0.15789473684210525,20.868637894736842,71.39686263157894,195.18184105869864,20.86738,20.86988,71.39538,71.39861,power,Power substation,Narmada Cement CL,True,96.5,mapped_feature,1,1,0,0,0,0,2,ok,"power=substation@96m(Narmada Cement CL, mapped_feature); landuse=industrial@332m(unnamed, landuse_polygon)",Limited,False,False,Persistent,Low-activity,Persistent / Low-activity,Not strongly seasonal,True,2023 recurrence_strength=Limited but persistent across all 5 years (2023 volume alone understates multi-year persistence)
50,4,2019;2021;2022;2023,2019,2023,True,13,317,0.040880503144654086,26,5.2,2,0,2,5,17,1,0,1,3,13,17,1.5458823529411765,6.48,4.191780821917808,3.5,increasing,6.833739825307955,1.314180735636145,1:2;2:1;3:4;4:4;5:7;6:0;7:0;8:0;9:0;10:0;11:1;12:7,0.6923076923076923,5,4,13,0.7647058823529411,0.11764705882352941,0.35294117647058826,21.43164,72.97555,559.3217691263256,21.42731,21.43439,72.9728,72.97792,,,,,,,0,0,0,0,0,0,0,ok,,Limited,False,False,Intermittent,Low-activity,Intermittent / Low-activity,Not strongly seasonal,False,
51,3,2021;2022;2023,2021,2023,True,9,312,0.02875399361022364,15,3,0,0,1,4,10,0,0,1,4,9,10,0.378,0.85,2.2486772486772484,2.4,increasing,4.242640687119285,1.414213562373095,1:0;2:2;3:0;4:1;5:0;6:0;7:0;8:2;9:2;10:0;11:4;12:4,0.6666666666666666,11,0,10,1.0,0.2,0.4,22.128787,72.76552099999999,285.8221574015352,22.12658,22.13021,72.76324,72.76786,,,,,,,0,0,0,0,0,0,0,ok,,Limited,False,False,Intermittent,Low-activity,Intermittent / Low-activity,Not strongly seasonal,False,
52,3,2019;2020;2023,2019,2023,True,20,304,0.06557377049180328,29,5.8,4,1,0,0,24,4,1,0,0,20,24,0.635,1.08,1.7007874015748032,3.9,increasing,10.305338422390601,1.7767824866190693,1:1;2:0;3:2;4:1;5:0;6:0;7:0;8:0;9:0;10:5;11:8;12:12,0.8620689655172413,12,0,24,1.0,0.125,0.2916666666666667,23.41493375,72.35491666666667,392.76063924715356,23.4128,23.41732,72.35267,72.35851,,,,,,,0,0,0,0,0,0,0,ok,,Limited,False,False,Intermittent,Low-activity,Intermittent / Low-activity,Strongly seasonal,False,
53,5,2019;2020;2021;2022;2023,2019,2023,True,19,283,0.06690140845070422,77,15.4,16,23,10,9,19,16,20,10,9,19,19,0.8721052631578947,1.29,1.47917923958962,-0.8,stable,5.9413803110051795,0.3858039162990376,1:5;2:7;3:9;4:1;5:3;6:2;7:3;8:2;9:9;10:11;11:13;12:12,0.4675324675324675,11,0,19,1.0,0.05263157894736842,0.15789473684210525,24.65779210526316,73.87522736842105,309.27371646716387,24.65658,24.65899,73.87264,73.87801,power,Power substation,,False,164.5,mapped_feature,1,1,0,0,0,0,2,ok,"power=substation@164m(unnamed, mapped_feature); landuse=industrial@206m(unnamed, landuse_polygon)",Limited,False,False,Persistent,Low-activity,Persistent / Low-activity,Not strongly seasonal,True,2023 recurrence_strength=Limited but persistent across all 5 years (2023 volume alone understates multi-year persistence)
54,2,2022;2023,2022,2023,True,7,217,0.03211009174311927,18,3.6,0,0,0,1,17,0,0,0,1,7,17,5.855882352941176,17.57,3.000401808136615,3.5,increasing,7.503332592921628,2.084259053589341,1:0;2:0;3:5;4:0;5:0;6:0;7:0;8:0;9:4;10:9;11:0;12:0,1.0,10,3,14,0.8235294117647058,0.23529411764705882,0.6470588235294118,22.327931764705884,69.84381764705883,517.304765536906,22.32612,22.33045,69.8395,69.84879,industrial,Chimney,,False,607.3,point_facility,4,0,0,1,0,0,13,ok,"man_made=chimney@607m(unnamed, point_facility); man_made=chimney@652m(unnamed, point_facility); man_made=chimney@681m(unnamed, point_facility); landuse=farmland@703m(unnamed, landuse_polygon); man_made=chimney@728m(unnamed, point_facility)",Limited,False,True,Intermittent,Low-activity,Intermittent / Low-activity,Strongly seasonal,True,
55,4,2019;2020;2022;2023,2019,2023,True,9,174,0.05142857142857143,23,4.6,3,7,0,2,11,1,3,0,1,9,11,1.9136363636363636,4.03,2.1059382422802853,1.1,increasing,4.39317652729776,0.9550383754995131,1:2;2:2;3:0;4:8;5:7;6:0;7:0;8:2;9:0;10:1;11:1;12:0,0.7391304347826086,4,0,11,1.0,0.18181818181818182,0.45454545454545453,21.739591818181818,73.01100818181818,384.30070794733354,21.73734,21.74203,73.00803,73.01462,industrial,Industrial land use,Gujarat Narmada Valley Fertilizers & Chemicals Limited,True,215.6,landuse_polygon,5,0,0,0,0,0,8,ok,"landuse=industrial@216m(Gujarat Narmada Valley Fertilizers & Chemicals Limited, landuse_polygon); man_made=chimney@227m(unnamed, mapped_feature); man_made=chimney@267m(unnamed, point_facility); man_made=chimney@307m(unnamed, point_facility); man_made=chimney@366m(unnamed, point_facility)",Limited,False,False,Intermittent,Low-activity,Intermittent / Low-activity,Strongly seasonal,True,named industrial OSM feature nearby (Gujarat Narmada Valley Fertilizers & Chemicals Limited) despite below-median 5-year activity -- proximity is not evidence this feature is the thermal source
56,2,2021;2023,2021,2023,True,8,235,0.03389830508474576,11,2.2,0,0,2,0,9,0,0,2,0,8,9,1.4022222222222223,2.19,1.5618066561014263,1.8,increasing,3.898717737923586,1.7721444263289026,1:0;2:0;3:0;4:0;5:2;6:0;7:0;8:0;9:0;10:5;11:2;12:2,0.8181818181818182,10,0,9,1.0,0.2222222222222222,0.4444444444444444,21.173845555555555,72.93529555555556,206.43653986195315,21.17199,21.17536,72.93442,72.93697,,,,,,,0,0,0,0,0,0,0,ok,,Limited,False,False,Intermittent,Low-activity,Intermittent / Low-activity,Strongly seasonal,False,
57,5,2019;2020;2021;2022;2023,2019,2023,True,14,233,0.05982905982905983,79,15.8,4,20,11,7,37,3,4,1,1,14,37,8.705945945945945,31.67,3.6377436980007456,5.3,increasing,13.292855223765885,0.8413199508712585,1:11;2:1;3:0;4:3;5:8;6:36;7:0;8:0;9:3;10:0;11:0;12:17,0.810126582278481,6,14,23,0.6216216216216216,0.16216216216216217,0.4594594594594595,21.68630972972973,72.56189702702703,639.5800617156104,21.68208,21.68984,72.55701,72.5669,industrial,Industrial works,,False,778.4,mapped_feature,5,0,0,0,0,0,12,ok,"man_made=works@778m(unnamed, mapped_feature); man_made=works@826m(unnamed, mapped_feature); man_made=works@949m(unnamed, mapped_feature); man_made=works@968m(unnamed, mapped_feature); man_made=works@1005m(unnamed, mapped_feature)",Limited,False,False,Persistent,Low-activity,Persistent / Low-activity,Strongly seasonal,True,2023 recurrence_strength=Limited but persistent across all 5 years (2023 volume alone understates multi-year persistence)
58,5,2019;2020;2021;2022;2023,2019,2023,True,2,16,0.11764705882352941,23,4.6,5,3,3,4,8,3,2,1,2,2,8,2.9775,3.9,1.309823677581864,0.7,increasing,2.073644135332772,0.4507922033332113,1:0;2:0;3:0;4:0;5:0;6:0;7:0;8:0;9:0;10:0;11:9;12:14,1.0,12,8,0,0.0,0.875,1.0,23.04873125,71.8655975,345.3191625001272,23.04638,23.0512,71.86334,71.86833,power,Power generator,,False,70.1,mapped_feature,0,4,0,0,0,0,4,ok,"power=generator@70m(unnamed, mapped_feature); power=plant@97m(Kamlapur, mapped_feature); power=generator@471m(unnamed, mapped_feature); power=substation@715m(Responsive, mapped_feature)",Limited,True,True,Persistent,Low-activity,Persistent / Low-activity,Strongly seasonal,True,2023 recurrence_strength=Limited but persistent across all 5 years (2023 volume alone understates multi-year persistence)
59,2,2022;2023,2022,2023,True,6,296,0.020202020202020204,10,2,0,0,0,2,8,0,0,0,2,6,8,0.7987500000000001,1.61,2.0156494522691704,1.8,increasing,3.4641016151377544,1.7320508075688772,1:0;2:0;3:2;4:0;5:2;6:3;7:0;8:0;9:0;10:0;11:2;12:1,0.7,6,0,8,1.0,0.25,0.625,23.223805,72.154355,321.3310593916452,23.22247,23.22643,72.15304,72.15606,,,,,,,0,0,0,0,0,0,0,ok,,Limited,False,True,Intermittent,Low-activity,Intermittent / Low-activity,Strongly seasonal,False,
