osm_type,osm_id,lat,lon,tags
node,5542340593,22.3222865,69.8812197,man_made=flare
node,5542341044,22.3192673,69.883812,man_made=flare
node,5542343988,22.3297771,69.8749043,man_made=flare
node,5542344034,22.3422341,69.8653369,man_made=flare
node,5542344037,22.3423387,69.8695436,man_made=flare
node,6239548903,22.3281942,69.8433602,man_made=flare
node,6239549042,22.3216538,69.8878097,man_made=flare
node,6239549084,22.3164928,69.8616528,man_made=flare
node,6239549200,22.3436853,69.8917446,man_made=flare
node,6457475196,22.3305512,69.7377348,man_made=flare
node,6457475197,22.332933,69.7347575,man_made=flare
node,6457475225,22.3482574,69.7521597,man_made=flare
node,8447212192,21.6872946,72.5647187,man_made=flare
node,8447212193,21.686178,72.561838,man_made=flare
node,9306526456,21.6939573,72.6052417,man_made=flare
