name,gppd_idnr,capacity_mw,latitude,longitude,primary_fuel,commissioning_year
AKRIMOTA LIG,IND0000003,250.0,23.7689,68.6447,Coal,2005
BANSWARA CEMENT,WRI1019883,20.0,23.6026,74.2562,Coal,
BHAVNAGAR TPP,IND0000514,500.0,21.5837,72.2222,Coal,2016
DGEN MEGA CCCP,IND0000093,1200.0,21.6923,72.6215,Gas,2014
DHUVARAN CCPP,IND0000101,595.2,22.2396,72.7520,Gas,2010
ESSAR GT IMP.,IND0000114,515.0,21.1110,72.6550,Gas,1995
G.I.P.C.L. GT,IND0000118,310.0,22.3758,73.1017,Gas,1994
GANDHAR GT,IND0000120,648.0,21.8242,73.1136,Gas,1994
HAZIRA CCCP,IND0000142,156.1,22.3256,69.7399,Gas,2001
HAZIRA-GSECL,IND0000143,351.43,21.1652,72.6613,Gas,2012
JAYKAYPURAM PLANT,WRI1019889,66.0,24.6963,73.0017,Coal,
KAWAS GT,IND0000190,645.0,21.1750,72.6879,Gas,1992
KUTCH LIG.,IND0000222,290.0,23.6626,68.7843,Coal,1996
MORDI PLANT,WRI1019893,46.0,23.5496,74.4072,Coal,
MUNDRA TPP,IND0000278,4620.0,22.8230,69.5532,Coal,2010
MUNDRA UMPP,IND0000279,4000.0,22.8158,69.5281,Coal,2012
PAGUTHAN,IND0000314,655.0,21.7800,72.9790,Gas,1997
PIPAVAV CCCP,IND0000338,702.86,20.8986,71.4693,Gas,2013
SALAYA TPP,IND0000387,1200.0,22.3049,69.7101,Coal,2012
SIKKA REP.,IND0000411,500.0,22.4208,69.8276,Coal,2015
SUGEN CCCP,IND0000428,1147.5,21.3395,72.9889,Gas,2008
SURAT LIG.,IND0000430,500.0,21.3970,73.1060,Coal,2004
TORR POWER SAB.,IND0000461,422.0,23.0701,72.5933,Coal,1985
UKAI_Coal,IND0000475,1110.0,21.2093,73.5574,Coal,1995
UNO SUGEN,IND0000480,382.5,21.3411,72.9895,Gas,2012
UTRAN CCCP EXT,IND0000489,374.571,21.2285,72.8705,Gas,2009
WANAKBORI,IND0000507,1470.0,22.8725,73.3588,Coal,1986
ZAWAR MINES,WRI1019901,80.0,24.3500,73.7477,Coal,
